date,permno,close,spyt,spyt1,spyt2,spyt3,rdp5,rdp10,rdp15,rdp20,ema10,ema20,ema50,ema200
2000-01,71563.0,28.125,,,,,,,,,0.0,0.0,0.0,0.0
2000-02,71563.0,23.5,-0.1644444444444444,,,,,,,,0.0,0.0,0.0,0.0
2000-03,71563.0,28.0625,0.19414893617021267,-0.1644444444444444,,,,,,,0.0,0.0,0.0,0.0
2000-04,71563.0,26.625,-0.05122494432071267,0.19414893617021267,-0.1644444444444444,,,,,,0.0,0.0,0.0,0.0
2000-05,71563.0,29.3125,0.10093896713615025,-0.05122494432071267,0.19414893617021267,-0.1644444444444444,,,,,0.0,0.0,0.0,0.0
2000-06,71563.0,23.875,-0.18550106609808104,0.10093896713615025,-0.05122494432071267,0.19414893617021267,-15.11111111111111,,,,0.0,0.0,0.0,0.0
2000-07,71563.0,24.9375,0.04450261780104703,-0.18550106609808104,0.10093896713615025,-0.05122494432071267,6.117021276595745,,,,0.0,0.0,0.0,0.0
2000-08,71563.0,27.0625,0.08521303258145374,0.04450261780104703,-0.18550106609808104,0.10093896713615025,-3.5634743875278394,,,,0.0,0.0,0.0,0.0
2000-09,71563.0,30.125,0.1131639722863742,0.08521303258145374,0.04450261780104703,-0.18550106609808104,13.145539906103288,,,,0.0,0.0,0.0,0.0
2000-10,71563.0,31.875,0.05809128630705396,0.1131639722863742,0.08521303258145374,0.04450261780104703,8.742004264392325,,,,27.35,0.0,0.0,0.0
2000-11,71563.0,33.375,0.04705882352941182,0.05809128630705396,0.1131639722863742,0.08521303258145374,39.79057591623037,18.666666666666668,,,28.445454545454545,0.0,0.0,0.0
2000-12,71563.0,37.3125,0.1179775280898876,0.04705882352941182,0.05809128630705396,0.1131639722863742,49.62406015037594,58.77659574468085,,,30.057644628099172,0.0,0.0,0.0
2001-01,71563.0,36.630001068115234,-0.01829142866022826,0.1179775280898876,0.04705882352941182,0.05809128630705396,35.35335267663828,30.530070621346045,,,31.252618526283907,0.0,0.0,0.0
2001-02,71563.0,36.130001068115234,-0.013650013251985116,-0.01829142866022826,0.1179775280898876,0.04705882352941182,19.93361350411696,35.69953452813234,,,32.13941535207142,0.0,0.0,0.0
2001-03,71563.0,35.16999816894531,-0.02657079631301551,-0.013650013251985116,-0.01829142866022826,0.1179775280898876,10.33724915747549,19.98293618403518,,,32.69043040968485,0.0,0.0,0.0
2001-04,71563.0,35.41999816894531,0.007108331333970597,-0.02657079631301551,-0.013650013251985116,-0.01829142866022826,6.127335337663857,48.35601327306937,25.93777126736111,,33.186715456823116,0.0,0.0,0.0
2001-05,71563.0,36.150001525878906,0.020609920798178694,0.007108331333970597,-0.02657079631301551,-0.013650013251985116,-3.115573799989531,44.96241213385025,53.829793727144285,,33.72549474210599,0.0,0.0,0.0
2001-06,71563.0,36.70000076293945,0.015214362761971634,0.020609920798178694,0.007108331333970597,-0.02657079631301551,0.19109935239709924,35.612012057051096,30.779512740986913,,34.26631401862116,0.0,0.0,0.0
2001-07,71563.0,36.90999984741211,0.00572204577948443,0.015214362761971634,0.020609920798178694,0.007108331333970597,2.158867302069428,22.522821070247666,38.6291074081206,,34.74698416931042,0.0,0.0,0.0
2001-08,71563.0,36.779998779296875,-0.0035221096898582216,0.00572204577948443,0.015214362761971634,0.020609920798178694,4.577767114509474,15.388231464460784,25.47547557969083,,35.11662318930796,31.70387496948242,0.0,0.0
2001-09,71563.0,36.45000076293945,-0.008972213901844217,-0.0035221096898582216,0.00572204577948443,0.015214362761971634,2.9079690774721763,9.213485432028325,52.670160263620744,29.60000271267361,35.35905547542277,32.155886949811666,0.0,0.0
2001-10,71563.0,32.099998474121094,-0.11934162408142457,-0.008972213901844217,-0.0035221096898582216,0.00572204577948443,-11.203327471116465,-13.969853335688862,28.721798392465537,36.59573818774933,34.76649965700428,32.15056423784114,0.0,0.0
2001-11,71563.0,34.150001525878906,0.0638630264549862,-0.11934162408142457,-0.008972213901844217,-0.0035221096898582216,-6.948226659536197,-6.770405323288554,26.18938208176963,21.692655771506125,34.65440908770876,32.34098683670188,0.0,0.0
2001-12,71563.0,36.11000061035156,0.0573938212854066,0.0638630264549862,-0.11934162408142457,-0.008972213901844217,-2.1674322415816474,-0.055356925470235595,19.867221943075727,35.624415437940144,34.91906209182563,32.69994052943042,0.0,0.0
2002-01,71563.0,35.2400016784668,-0.024093019030173135,0.0573938212854066,0.0638630264549862,-0.11934162408142457,-4.187050440297808,0.19904325608778856,10.556868010876226,20.221754126965617,34.977414743942205,32.941851115052934,0.0,0.0
2002-02,71563.0,37.0099983215332,0.05022691710448912,-0.024093019030173135,0.0573938212854066,0.0638630264549862,1.5363444358638467,4.488989934454408,10.891380738676263,55.01569977605531,35.34697539441329,33.329293706146295,0.0,0.0
2002-03,71563.0,38.11000061035156,0.029721760029866262,0.05022691710448912,-0.024093019030173135,0.0573938212854066,18.722748977934412,5.421850627224845,2.1373550696189283,52.82205758536968,35.84934361549298,33.78459912559441,0.0,0.0
2002-04,71563.0,38.08000183105469,-0.0007871629183003881,0.029721760029866262,0.05022691710448912,-0.024093019030173135,11.5080530880727,3.7602208158774553,3.9585059259023976,40.711323163250576,36.25491783650419,34.19368509754301,0.0,0.0
2002-05,71563.0,37.58000183105469,-0.01313025146947977,-0.0007871629183003881,0.029721760029866262,0.05022691710448912,4.070897800765263,1.8152316077279917,4.013287351433489,24.746894044994814,36.495842199149735,34.51619145311555,0.0,0.0
2002-06,71563.0,38.599998474121094,0.027142006209896374,-0.01313025146947977,-0.0007871629183003881,0.029721760029866262,9.534610203232209,4.9483408244392875,9.75263145792379,21.098034428615193,36.87841606732634,34.905125455116085,0.0,0.0
2002-07,71563.0,37.02000045776367,-0.04093259271543015,0.027142006209896374,-0.01313025146947977,-0.0007871629183003881,0.027025497660315468,1.563785138253731,4.517228603984431,10.921349686183285,36.90415868376949,35.1065421220349,0.0,0.0
2002-08,71563.0,38.04999923706055,0.027822765169114527,-0.04093259271543015,0.027142006209896374,-0.01313025146947977,-0.15744259336148594,18.535828803033503,5.2558717316276695,1.9765473690064908,37.11249332982241,35.386871371084965,0.0,0.0
2002-09,71563.0,35.040000915527344,-0.07910639637021277,0.027822765169114527,-0.04093259271543015,0.027142006209896374,-7.98319529766458,2.6061474374283558,-4.523160253142057,-4.340704630696597,36.735676527223305,35.353836089603284,0.0,0.0
2002-10,71563.0,36.25,0.03453193644000363,-0.07910639637021277,0.027822765169114527,-0.04093259271543015,-3.5391212513343318,0.38770254024394624,-1.7881328911963794,0.3321309945674616,36.647371704091796,35.43918503345059,0.0,0.0
2002-11,71563.0,37.9900016784668,0.048000046302532295,0.03453193644000363,-0.07910639637021277,0.027822765169114527,-1.5803026418854962,7.8036318644115505,3.289839421775678,8.018207723455367,36.89148624488725,35.68211995202356,0.0,0.0
2002-12,71563.0,36.9900016784668,-0.026322715341358105,0.048000046302532295,0.03453193644000363,-0.07910639637021277,-0.08103397873022929,-0.05403038090593962,1.4814839622071827,4.432534135188053,36.90939814190171,35.80668011644673,0.0,0.0
2003-01,71563.0,33.560001373291016,-0.09272776830319818,-0.026322715341358105,0.048000046302532295,0.03453193644000363,-11.800257434424049,-11.939121396457447,4.54829585224738,-7.164592097551566,36.30041691124522,35.59271071233666,0.0,0.0
2003-02,71563.0,32.83000183105469,-0.02175207128618606,-0.09272776830319818,-0.026322715341358105,0.048000046302532295,-6.307074847972778,-13.78676404295381,-3.865299080071553,-10.544955998455412,35.669432351210574,35.32959558078599,0.0,0.0
2003-03,71563.0,31.43000030517578,-0.042643967340708855,-0.02175207128618606,-0.09272776830319818,-0.026322715341358105,-13.296550882273706,-16.365091075639008,-12.960399407565165,-14.846923773749488,34.89862652465879,34.9582055545374,0.0,0.0
2003-04,71563.0,32.599998474121094,0.037225522035793324,-0.042643967340708855,-0.02175207128618606,-0.09272776830319818,-14.187952003700024,-15.544042065241603,-7.491495682756627,-11.364873420084683,34.480694151833745,34.73361440402156,0.0,0.0
2003-05,71563.0,34.189998626708984,0.048773013098454054,0.037225522035793324,-0.042643967340708855,-0.02175207128618606,-7.569621315772459,-7.644521329175705,-7.619561801448348,-6.20028007935826,34.427840419992876,34.68184147284893,0.0,0.0
2003-06,71563.0,34.29999923706055,0.003217332985372856,0.048773013098454054,0.037225522035793324,-0.042643967340708855,2.204999503839306,-9.855453548465555,-9.9973794601728,6.853585257061884,34.40459656855063,34.64547554563099,0.0,0.0
2003-07,71563.0,34.900001525878906,0.017492778488754857,0.003217332985372856,0.048773013098454054,0.037225522035793324,6.305207369395137,-0.3995416266852873,-8.350840735996115,2.1961931668777503,34.49467019715577,34.66971611517841,0.0,0.0
2003-08,71563.0,36.52000045776367,0.04641830547438541,0.017492778488754857,0.003217332985372856,0.048773013098454054,16.194718750128956,0.7448288490032328,-2.8206527984122416,1.1354191096152342,34.862912062720845,34.8459336716151,0.0,0.0
2003-09,71563.0,35.90999984741211,-0.016703192845165638,0.04641830547438541,0.017492778488754857,0.003217332985372856,10.153378920918046,-5.475129610835627,-6.968908634834434,1.9012432946469215,35.053291659937436,34.94727330740529,0.0,0.0
2003-10,71563.0,38.66999816894531,0.07685876728657526,-0.016703192845165638,0.04641830547438541,0.017492778488754857,13.103245750751755,4.541758351572343,4.457044005345522,4.485274041329221,35.71087466157523,35.30181853231386,0.0,0.0
2003-11,71563.0,39.36000061035156,0.017843353350876834,0.07685876728657526,-0.016703192845165638,0.04641830547438541,14.75219092082012,17.282476161268935,3.442842048772184,3.279978955603771,36.37435210680729,35.68831206355554,0.0,0.0
2003-12,71563.0,38.63999938964844,-0.018292713656964943,0.017843353350876834,0.07685876728657526,-0.016703192845165638,10.716325788685893,17.697219721437644,10.273967979623595,1.4705817533261394,36.78628797641476,35.96942514223106,0.0,0.0
2004-01,71563.0,37.099998474121094,-0.03985509678708499,-0.018292713656964943,0.017843353350876834,0.07685876728657526,1.5881654137113295,18.040083085877658,2.344823376885776,-1.2772840168861759,36.843326248725,36.077098792887256,0.0,0.0
2004-02,71563.0,37.150001525878906,0.001347791207934712,-0.03985509678708499,-0.018292713656964943,0.017843353350876834,3.4530818260534155,13.957065229220019,-2.211108490326846,-3.756468926324753,36.899085390025704,36.179280005553125,34.32015014648437,0.0
2004-03,71563.0,35.29999923706055,-0.04979817531177322,0.001347791207934712,-0.03985509678708499,-0.018292713656964943,-8.714763618972986,3.2465652381876313,-4.568808771885136,-4.6461404630869305,36.608342453122944,36.09553897998241,34.358575601016774,0.0
2004-04,71563.0,34.4900016784668,-0.022946106971678204,-0.04979817531177322,0.001347791207934712,-0.03985509678708499,-12.372964574101076,0.5539429901822147,2.771156934206591,-9.35610415236573,36.223189585003645,35.94263066555235,34.363729564838344,0.0
2004-05,71563.0,37.68000030517578,0.09249053266067553,-0.022946106971678204,-0.04979817531177322,0.001347791207934712,-2.484469719556563,7.965612199860398,14.77306793669857,7.5342446366163465,36.48806426139858,36.10809444075458,34.49377939779276,0.0
2004-06,71563.0,36.970001220703125,-0.01884286302341487,0.09249053266067553,-0.022946106971678204,-0.04979817531177322,-0.3503969238938046,1.2322036070615352,17.626474265783052,1.9862102640086206,36.57568916309031,36.19018080074967,34.59088613594611,0.0
2004-07,71563.0,38.72999954223633,0.047606120189890744,-0.01884286302341487,0.09249053266067553,-0.022946106971678204,4.253022749559745,7.852964931236124,18.803685138149383,1.9478753121218502,36.96738195929868,36.43206829993888,34.7532043087418,0.0
2004-08,71563.0,39.9900016784668,0.03253297575840142,0.047606120189890744,-0.01884286302341487,0.09249053266067553,13.28612618348824,3.413508073505777,16.964034175850745,8.110299713088164,37.516949180965604,36.770919097893916,34.958568911476114,0.0
2004-09,71563.0,39.689998626708984,-0.007501951467017709,0.03253297575840142,0.047606120189890744,-0.01884286302341487,15.07682428293041,0.8384095814028859,15.714284284370006,18.26578367871157,37.91204908019167,37.04892667206678,35.14411517481858,0.0
2004-10,71563.0,41.11000061035156,0.03577732508881981,-0.007501951467017709,0.03253297575840142,0.047606120189890744,9.102973135338937,6.3923428046555095,17.79369287381791,25.220829477580548,38.493494812948015,37.43569561857009,35.37807146640811,0.0
2004-11,71563.0,42.45000076293945,0.032595478781152654,0.03577732508881981,-0.007501951467017709,0.03253297575840142,14.822827593436863,14.420491937621573,16.23767861677324,35.062043750438455,39.212859531128274,37.913248489462404,35.6554020270564,0.0
2004-12,71563.0,42.04999923706055,-0.009422886188217072,0.032595478781152654,0.03577732508881981,-0.007501951467017709,8.572165592730387,13.189764495078887,17.09829968181112,28.98773375845757,39.728703114025045,38.30722475113842,35.906170545095776,0.0
2005-01,71563.0,39.470001220703125,-0.0613554830717703,-0.009422886188217072,0.032595478781152654,0.03577732508881981,-1.300326171388169,11.813037036172517,2.068795163275364,15.443120228350754,39.681666406148324,38.417965367287444,36.04592861080587,0.0
2005-02,71563.0,39.150001525878906,-0.00810741537693116,-0.0613554830717703,-0.009422886188217072,0.032595478781152654,-1.3605369602272865,13.511161555905332,-0.5335342510574737,14.13994867841868,39.585000064281154,38.4876830966771,36.16765696041658,0.0
2005-03,71563.0,39.08000183105469,-0.0017879870267168974,-0.00810741537693116,-0.0613554830717703,-0.009422886188217072,-4.937968253850422,3.7155029579089462,1.1387226924339073,11.977077714670713,39.493182203694516,38.544094404713064,36.2818665631867,0.0
2005-04,71563.0,39.209999084472656,0.0033264392867726755,-0.0017879870267168974,-0.00810741537693116,-0.0613554830717703,-7.632512650731087,6.058960751440649,5.687333415453864,7.36582309143188,39.44169436383599,38.6075138980235,36.39669528951164,0.0
2005-05,71563.0,39.939998626708984,0.018617688326481252,0.0033264392867726755,-0.0017879870267168974,-0.00810741537693116,-5.017837452163197,3.1241908049937175,7.510086100229498,11.222497344530902,39.532295138903805,38.73441720551735,36.53564836155859,0.0
2005-06,71563.0,39.970001220703125,0.0007511916631384175,0.018617688326481252,0.0033264392867726755,-0.0017879870267168974,1.2667848607456742,-0.05001364572195409,13.229467661686703,3.3617872079492495,39.61187806286731,38.85209187363028,36.67032886583877,0.0
2005-07,71563.0,41.81999969482422,0.046284673945990784,0.0007511916631384175,0.018617688326481252,0.0033264392867726755,6.819918428816388,5.366593957707702,21.25253018162006,6.249997577046998,40.01335472322311,39.13474976136303,36.87227674148526,0.0
2005-08,71563.0,40.56999969482422,-0.02989000500051897,0.046284673945990784,0.0007511916631384175,0.018617688326481252,3.8126862690817824,-1.3135512223548123,7.669849698094251,4.994824885253036,40.11456289987785,39.27144023121648,37.01728548475346,0.0
2005-09,71563.0,39.04999923706055,-0.03746611952668044,-0.02989000500051897,0.046284673945990784,0.0007511916631384175,-0.40805878895179587,-8.009426300993718,5.62617784062346,5.256066962643316,39.921005870274705,39.25035061272544,37.096999749549816,0.0
2005-10,71563.0,42.34000015258789,0.08425098539835463,-0.03746611952668044,-0.02989000500051897,0.046284673945990784,6.009017547321493,0.6896573621617405,9.320941525999087,13.970386039132734,40.360823012513464,39.5446029498552,37.30260760849249,0.0
2005-11,71563.0,42.54999923706055,0.004959827201602485,0.08425098539835463,-0.03746611952668044,-0.02989000500051897,6.454835970885759,7.8033897164965795,6.401594026369392,20.538244069955713,40.758855053340206,39.83083116768428,37.5083876723579,0.0
2005-12,71563.0,41.90999984741211,-0.01504111400996233,0.004959827201602485,0.08425098539835463,-0.03746611952668044,0.21520840087196208,7.049803867079778,5.593351719617338,21.513475812840717,40.96815410680782,40.02884723242026,37.68099991451689,0.0
2006-01,71563.0,39.040000915527344,-0.06848005111748967,-0.01504111400996233,0.004959827201602485,0.08425098539835463,-3.771256570879558,-0.10235648324754495,-5.035270406449445,3.6093434164987275,40.61758079930228,39.934671392716176,37.734294071419264,0.0
2006-02,71563.0,39.529998779296875,0.012551174494840778,-0.06848005111748967,-0.01504111400996233,0.004959827201602485,1.229192193634623,0.8161175779035917,-6.878685350205828,6.924526573075028,40.41983861384675,39.8961311438191,37.804713863885056,0.0
2006-03,71563.0,39.20000076293945,-0.008348040135287116,0.012551174494840778,-0.06848005111748967,-0.01504111400996233,-7.4161534679553265,-1.8527738838595609,-6.777642154174554,1.2135327298172915,40.198049913681785,39.82983301230675,37.859430997181306,0.0
2006-04,71563.0,42.939998626708984,0.09540810691272772,-0.008348040135287116,0.012551174494840778,-0.06848005111748967,0.9165673246563836,7.430566212911447,8.791480361509967,7.376836270128632,40.696586043323094,40.126039261297436,38.0586689434373,0.0
2006-05,71563.0,41.56999969482422,-0.031904959843958136,0.09540810691272772,-0.008348040135287116,0.012551174494840778,-0.811262595623429,-0.5978001000103805,6.181348849617916,4.736712353650994,40.855388525414206,40.2635593025857,38.19636818858973,0.0
2006-06,71563.0,41.59000015258789,0.00048112720496762407,-0.031904959843958136,0.09540810691272772,-0.008348040135287116,6.53176018765496,2.514174181504369,6.422718024385168,1.167597993456277,40.98895427580942,40.38988700258591,38.32945179502103,0.0
2006-07,71563.0,41.9900016784668,0.009617733214988045,0.00048112720496762407,-0.031904959843958136,0.09540810691272772,6.223129206010257,7.528815618044954,7.09003483525975,-1.0836256212137783,41.17096289447439,40.54227887647932,38.473002770842434,0.0
2006-08,71563.0,42.79999923706055,0.01929024830235071,0.009617733214988045,0.00048112720496762407,-0.031904959843958136,9.183669398100145,1.0864409135920619,7.1607428860525815,1.7835909954999272,41.46715132039914,40.75729986320134,38.64268890677256,0.0
2006-09,71563.0,43.779998779296875,0.02289718597442736,0.01929024830235071,0.009617733214988045,0.00048112720496762407,1.9562183964891993,2.89071577976672,9.532142712620931,10.91967931415476,41.88766904019872,41.04517595044854,38.844152039028415,0.0
2006-10,71563.0,43.52000045776367,-0.00593874666017935,0.02289718597442736,0.01929024830235071,0.009617733214988045,4.690884717957414,3.841566729213381,4.065042504411713,11.162193516125694,42.18445657066508,41.280873522573785,39.0275186436847,0.0
2006-11,71563.0,43.0099983215332,-0.011718798962914279,-0.00593874666017935,0.02289718597442736,0.01929024830235071,3.4142778642354843,10.169050494122493,6.014292938287281,10.056285328409498,42.334555070822915,41.445552074855634,39.18369431732582,0.0
2006-12,71563.0,43.93000030517578,0.021390421286809902,-0.011718798962914279,-0.00593874666017935,0.02289718597442736,4.620144199003091,11.130790948021298,12.496801955078789,12.037748867411393,42.62463602252343,41.68216619202898,39.369823963908175,0.0
2007-01,71563.0,42.2599983215332,-0.03801506879219896,0.021390421286809902,-0.011718798962914279,-0.00593874666017935,-1.2616844045636257,7.806116068974007,-0.18895094654315361,5.808712505244731,42.558338258707025,41.73719782341034,39.48316413479543,0.0
2007-02,71563.0,42.45000076293945,0.0044960352331446796,-0.03801506879219896,0.021390421286809902,-0.011718798962914279,-3.037912410784179,-1.1411222157439687,-0.23501404445148913,6.2046521553563805,42.53864053220383,41.80508381765121,39.59951066923245,0.0
2007-03,71563.0,41.02000045776367,-0.03368669680741743,0.0044960352331446796,-0.03801506879219896,0.021390421286809902,-5.744485233694471,-1.3230676956897498,-2.123596737983271,-1.9129584956920922,42.26252415503289,41.7303139738524,39.65521615113563,0.0
2007-04,71563.0,41.619998931884766,0.01462697385239875,-0.03368669680741743,0.0044960352331446796,-0.03801506879219896,-3.23180526364384,0.07212978885985495,6.608601321347002,2.5881174388929122,42.14570138718778,41.71980777937929,39.732266456263055,0.0
2007-05,71563.0,42.11000061035156,0.011773226598797759,0.01462697385239875,-0.03368669680741743,0.0044960352331446796,-4.142953977193095,0.28577977396534177,6.5266934245541055,7.836111224265813,42.13921033685392,41.756969001376646,39.82551093289398,0.0
2007-06,71563.0,40.68000030517578,-0.03395868640344446,0.011773226598797759,0.01462697385239875,-0.03368669680741743,-3.7387555113847415,-4.953268620736464,3.7755089628354095,-3.920642044000199,41.87389942200335,41.65440055411942,39.85902032004228,0.0
2007-07,71563.0,37.41999816894531,-0.08013771169553541,-0.03395868640344446,0.011773226598797759,0.01462697385239875,-11.849240291146316,-14.527183160542123,-12.855148193531129,-12.056406956752808,41.06409919417461,41.251124136483796,39.763372392548284,0.0
2007-08,71563.0,39.72999954223633,0.061731734001207794,-0.08013771169553541,-0.03395868640344446,0.011773226598797759,-3.1448096078292243,-8.70864171797414,-4.4262693435068385,-5.201623271564849,40.821535621094924,41.10625512750784,39.76206365332037,0.0
2007-09,71563.0,40.38999938964844,0.016612128241040525,0.061731734001207794,-0.08013771169553541,-0.03395868640344446,-2.955308923119733,-6.091604357429254,-2.885310792346281,3.4579878136840927,40.743074488104654,41.03804029533075,39.786688584156764,0.0
2007-10,71563.0,36.970001220703125,-0.08467438030766161,0.016612128241040525,0.061731734001207794,-0.08013771169553541,-12.20612518439364,-15.84338501279873,-11.955228047390184,-6.476088129642196,40.05706116675892,40.650608002509074,39.67623025617819,0.0
2007-11,71563.0,36.08000183105469,-0.024073555863180163,-0.08467438030766161,0.016612128241040525,0.061731734001207794,-11.30776410917536,-14.623749966713923,-15.70092879858514,-7.959180793778151,39.33395946935815,40.215312176656276,39.53520169048707,0.0
2007-12,71563.0,30.670000076293945,-0.14994460865310322,-0.024073555863180163,-0.08467438030766161,0.016612128241040525,-18.038477880667454,-27.750295582868205,-29.945178320111136,-28.57475301078145,37.75869412516466,39.30623483376463,39.18754672522459,0.0
2008-01,71563.0,36.220001220703125,0.1809586283209368,-0.14994460865310322,-0.024073555863180163,-0.08467438030766161,-8.834629655109309,-11.701606980728526,-16.773895129310084,-12.86985449457968,37.478931778898925,39.01230782299687,39.071172391713944,0.0
2008-02,71563.0,31.1299991607666,-0.14053014600748026,0.1809586283209368,-0.14994460865310322,-0.024073555863180163,-22.926467860395867,-25.204228833081142,-27.62148250263663,-25.150278801262342,36.324580393783954,38.26161175992732,38.75975383363758,0.0
2008-03,71563.0,32.060001373291016,0.02987479079975386,-0.14053014600748026,0.1809586283209368,-0.14994460865310322,-13.28103782875322,-23.866062909982567,-27.020256884647132,-23.6484875166558,35.549202390057964,37.670982199295295,38.497018443035756,0.0
2008-04,71563.0,34.290000915527344,0.0695570632162894,0.02987479079975386,-0.14053014600748026,0.1809586283209368,-4.961199624958607,-15.707962983558355,-18.859436163169033,-19.88317400287332,35.32025666741603,37.34898398179359,38.33203736352562,0.0
2008-05,71563.0,31.469999313354492,-0.0822397645634324,0.0695570632162894,0.02987479079975386,-0.14053014600748026,2.60840963505213,-15.900585640671402,-25.86572733155506,-28.117861601594328,34.62020987576848,36.789080680037486,38.06293783214636,0.0
2008-06,71563.0,22.770000457763672,-0.2764537351578181,-0.0822397645634324,0.0695570632162894,0.02987479079975386,-37.13418086593414,-42.688143166079705,-44.490491946218164,-47.6792274396641,32.46562634522215,35.45393018267808,37.46321479785685,0.0
2008-07,71563.0,28.020000457763672,0.23056653027909602,-0.2764537351578181,-0.0822397645634324,0.0695570632162894,-9.990359096837006,-30.626390489758403,-32.67659496190481,-34.852356309590235,31.657330729320606,34.74593687554337,37.09289266687281,0.0
2008-08,71563.0,30.0,0.0706637940716992,0.23056653027909602,-0.2764537351578181,-0.0822397645634324,-6.425456285248914,-18.853126834088226,-28.758015755940548,-31.709538375611086,31.35599786944413,34.29394288739638,36.814740013269954,0.0
2008-09,71563.0,37.79999923706055,0.25999997456868496,0.0706637940716992,0.23056653027909602,-0.2764537351578181,10.236215304222377,4.767176603980734,-7.079648590240565,-10.553713349771014,32.527634481738026,34.62785301593583,36.853377629889195,0.0
2008-10,71563.0,35.849998474121094,-0.05158732281210199,0.25999997456868496,0.0706637940716992,0.23056653027909602,13.918014796104305,16.889463270106,-4.19561670670298,-15.547708292576582,33.13170066217131,34.74424782147728,36.81402942770221,0.0
2008-11,71563.0,29.969999313354492,-0.1640167199731173,-0.05158732281210199,0.25999997456868496,0.0706637940716992,31.620547698038827,-17.255664540884034,-24.56582013927822,-26.938081475125376,32.55684587147734,34.289557487370345,36.54563608988465,0.0
2008-12,71563.0,27.459999084472656,-0.08375042663959598,-0.1640167199731173,-0.05158732281210199,0.25999997456868496,-1.9985773167104024,-11.78927136278011,-32.01287571321334,-34.022105263833254,31.630146455658306,33.63912335376104,36.18933659947634,0.0
2009-01,71563.0,19.790000915527344,-0.27931531043940705,-0.08375042663959598,-0.1640167199731173,-0.05158732281210199,-34.033330281575516,-38.271989807167415,-46.47011019181416,-53.00403555286929,29.47739272108904,32.3201593120245,35.54622539618423,0.0
2009-02,71563.0,16.1299991607666,-0.18494196995660994,-0.27931531043940705,-0.08375042663959598,-0.1640167199731173,-57.32804368696351,-52.96005036423739,-55.293796169147555,-60.34906824050748,27.050593891939503,30.778239297618985,34.78480475950118,0.0
2009-03,71563.0,16.920000076293945,0.04897712068385496,-0.18494196995660994,-0.27931531043940705,-0.08375042663959598,-52.803345058695264,-46.23450764069818,-44.83208335766493,-54.7835357984176,25.20866774364031,29.458406990826123,34.08422418368913,0.0
2009-04,71563.0,23.34000015258789,0.37943262691167456,0.04897712068385496,-0.18494196995660994,-0.27931531043940705,-22.122119828719196,2.503292417062167,-35.56046558262705,-41.253459799878655,24.868909999812594,28.87570157766058,33.66288206482242,0.0
2009-05,71563.0,22.420000076293945,-0.03941731235129997,0.37943262691167456,0.04897712068385496,-0.18494196995660994,-18.35396641010303,-19.985725517424466,-27.97943886696258,-44.49120966800517,24.423653650081928,28.26087286324471,33.22198473193895,0.0
2009-06,71563.0,21.979999542236328,-0.019625358276553095,-0.03941731235129997,0.37943262691167456,0.04897712068385496,11.066187596740834,-26.73333485921224,-31.441052399493262,-40.54639216531166,23.97935290320091,27.662694451720103,32.78112256763689,0.0
2009-07,71563.0,22.8799991607666,0.04094629832911734,-0.019625358276553095,-0.03941731235129997,0.37943262691167456,41.84749132794869,-39.47090046939952,-33.2750115197402,-36.585371397976516,23.779470404576486,27.207199662105484,32.39284321834786,0.0
2009-08,71563.0,27.940000534057617,0.2211539142871839,0.04094629832911734,-0.019625358276553095,-0.03941731235129997,65.13002605244328,-22.064151399541725,-11.217028459860492,-8.901204875921904,24.53593042811851,27.276990221339023,32.218221936610995,0.0
2009-09,71563.0,27.239999771118164,-0.025053713298472724,0.2211539142871839,0.04094629832911734,-0.019625358276553095,16.7095098244798,-9.109107790402428,19.631090133906426,-24.79293524830708,25.027579399572993,27.273467321317987,32.02299753796422,0.0
2009-10,71563.0,23.90999984741211,-0.1222466942616044,-0.025053713298472724,0.2211539142871839,0.04094629832911734,6.64585087443257,-12.927892772829352,-14.668096157053343,-23.19305977513137,24.82438311736192,26.9531370857079,31.704840765785708,0.0
2009-11,71563.0,24.899999618530273,0.04140526045320381,-0.1222466942616044,-0.025053713298472724,0.2211539142871839,13.284804991387428,25.821114030336386,-17.000001271565754,-22.333129906618453,24.8381315721198,26.757600184071936,31.437984250207066,0.0
2009-12,71563.0,25.3700008392334,0.018875551321428707,0.04140526045320381,-0.1222466942616044,-0.025053713298472724,10.882874868004883,57.28457631257342,-32.883594308754134,-26.01341451774285,24.934835075231362,26.625447865515884,31.200024116443394,0.0
2010-01,71563.0,27.8700008392334,0.09854158128894808,0.018875551321428707,0.04140526045320381,-0.1222466942616044,-0.2505357676671918,64.71631627402377,-22.259408576120823,-11.439461559166325,25.468501577777186,26.743976720155647,31.069434968317513,0.0
2010-02,71563.0,28.530000686645508,0.023681371637528148,0.09854158128894808,0.018875551321428707,0.04140526045320381,4.735686220141224,22.236505998832058,-4.804800332669103,25.29644318438256,26.02513777938961,26.91407424077373,30.969849310212727,0.0
2010-03,71563.0,32.38999938964844,0.13529613074316327,0.023681371637528148,0.09854158128894808,0.018875551321428707,35.4663303904377,44.46922069325232,17.95338845427517,15.59599878833672,27.182385344891212,27.43559092161894,31.0255414701906,0.0
2010-04,71563.0,33.2400016784668,0.02624273864883153,0.13529613074316327,0.023681371637528148,0.09854158128894808,33.49398468958207,51.228400230825635,67.96361869991885,10.800005594889322,28.283770132814045,27.98839194608064,31.112383046985748,0.0
2010-05,71563.0,30.239999771118164,-0.09025276040500518,0.02624273864883153,0.13529613074316327,0.023681371637528148,19.195895824936528,32.16783601536183,87.47675973022781,-19.999998990820806,28.639448248869336,28.202830786560405,31.078171938128197,0.0
2010-06,71563.0,26.309999465942383,-0.12996032853575856,-0.09025276040500518,0.02624273864883153,0.13529613074316327,-5.59742133590092,-5.8339335610546454,55.49645004319152,-26.6108770271366,28.215912106518978,28.022561136977735,30.891184782356206,0.0
2010-07,71563.0,24.829999923706055,-0.05625235926561489,-0.12996032853575856,-0.09025276040500518,0.02624273864883153,-12.968807128951005,-8.847282920932207,6.383889294674902,-17.150482173545054,27.600291709643898,27.718507688094718,30.653491258487573,0.0
2010-08,71563.0,22.1200008392334,-0.10914213019732344,-0.05625235926561489,-0.12996032853575856,-0.09025276040500518,-31.707313195248904,-7.486403260569033,-1.3380875826925382,-19.446461847330422,26.60387518775108,27.185316559631737,30.31884457537957,0.0
2010-09,71563.0,24.079999923706055,0.08860755018581568,-0.10914213019732344,-0.05625235926561489,-0.12996032853575856,-27.557163935688617,-3.293171515609121,9.554142061897716,21.677608942467273,26.144988776106526,26.889572118115005,30.074184000804138,0.0
2010-10,71563.0,23.40999984741211,-0.027823923522289906,0.08860755018581568,-0.10914213019732344,-0.05625235926561489,-22.585978754633786,-7.7256638824790596,2.31643665247298,45.133298607682725,25.647718061798447,26.558184282809968,29.812843445769158,0.0
2010-11,71563.0,23.200000762939453,-0.008970486366571717,-0.027823923522289906,0.08860755018581568,-0.10914213019732344,-11.82059584238587,-16.756368624574467,-16.964923695474933,37.11584313432841,25.202678552914993,26.238357280917537,29.55351628173662,0.0
2010-12,71563.0,26.290000915527344,0.1331896573694933,-0.008970486366571717,-0.027823923522289906,0.08860755018581568,5.879987902969649,-7.851383516323141,-3.487514183454871,12.639249115910408,25.40037352793542,26.243275722308947,29.425535286983315,0.0
2011-01,71563.0,27.639999389648438,0.051350263488342485,0.1331896573694933,-0.008970486366571717,-0.027823923522289906,24.954784543337038,-14.665020344267306,15.600165479047643,23.28278008738243,25.80757823006506,26.37629702396033,29.355514271401557,0.0
2011-02,71563.0,27.600000381469727,-0.0014471421513015947,0.051350263488342485,0.1331896573694933,-0.008970486366571717,14.617942146662276,-16.96751207040618,10.843376724111055,25.56870316777813,26.133473166684087,26.492840200865984,29.286670589443446,0.0
2011-03,71563.0,27.450000762939453,-0.005434768712212823,-0.0014471421513015947,0.051350263488342485,0.1331896573694933,17.257586253141096,-9.22618726618974,8.198659262515443,19.973783958913973,26.372841820548697,26.583998349634886,29.214644321737406,0.0
2011-04,71563.0,26.920000076293945,-0.019307856900356413,-0.005434768712212823,-0.0014471421513015947,0.051350263488342485,16.034479271642773,2.3185124391248757,-3.408685806719137,-3.6506815972331017,26.472325139775105,26.615998514078605,29.12465827289649,0.0
2011-05,71563.0,27.540000915527344,0.02303123467593804,-0.019307856900356413,-0.005434768712212823,-0.0014471421513015947,4.754659400797996,10.914220701361977,-3.470030659976707,1.1013257963653245,26.666448008093695,26.70399874278801,29.06251484711731,0.0
2011-06,71563.0,26.84000015258789,-0.02541760129516868,0.02303123467593804,-0.019307856900356413,-0.005434768712212823,-2.894353309429369,21.338151601616627,-17.134916152033885,12.254288263799001,26.698002943456277,26.716951258007047,28.975357408116157,0.0
2011-07,71563.0,25.68000030517578,-0.04321907007516401,-0.02541760129516868,0.02303123467593804,-0.019307856900356413,-6.956521919409131,6.64451987765404,-22.743685293459116,3.1325329260850308,26.512911554678002,26.61819402440407,28.846127717804773,0.0
2011-08,71563.0,22.290000915527344,-0.13200932045803704,-0.04321907007516401,-0.02541760129516868,0.02303123467593804,-18.797813129312118,-4.784275690666343,-26.289678954243122,-12.140322514073368,25.74510962028697,26.205985156891998,28.589024705950756,0.0
2011-09,71563.0,21.329999923706055,-0.04306868337329439,-0.13200932045803704,-0.04321907007516401,-0.02541760129516868,-20.765230820004742,-8.060348179904405,-18.92816284045467,-23.466095151029908,24.942362402726804,25.74160561087429,28.304357067431358,0.0
2011-10,71563.0,23.34000015258789,0.0942334850478801,-0.04306868337329439,-0.13200932045803704,-0.04321907007516401,-15.250546925622825,-11.220999087897065,-6.0008045738880975,-18.191378931466286,24.651023811792456,25.512881281513682,28.109676404104164,0.0
2011-11,71563.0,23.170000076293945,-0.007283636468832455,0.0942334850478801,-0.04306868337329439,-0.13200932045803704,-13.673621667025538,-16.1722120552165,4.746831813849679,-28.465574211468258,24.381746768974544,25.28974973815942,27.915963606935136,0.0
2011-12,71563.0,25.170000076293945,0.08631851503730781,-0.007283636468832455,0.0942334850478801,-0.04306868337329439,-1.9859821760946237,-8.804348810108173,4.526578721102143,-24.277981933438586,24.525065552123525,25.278345008457947,27.808278762596267,0.0
2012-01,71563.0,27.190000534057617,0.08025428890110264,0.08631851503730781,-0.007283636468832455,0.0942334850478801,21.982949382101218,-0.9471774923695634,16.146948788055514,-10.085976389370089,25.00959918520245,25.46040743946744,27.784032557555534,0.0
2012-02,71563.0,29.25,0.07576312708644761,0.08025428890110264,0.08631851503730781,-0.007283636468832455,37.130802178258314,8.655274580618887,26.077582060794764,11.174460637535825,25.780581151529276,25.821321016661013,27.841521476867083,0.0
2012-03,71563.0,31.389999389648438,0.07316237229567313,0.07576312708644761,0.08025428890110264,0.08631851503730781,34.49014217837518,13.979659935125216,19.399004551228234,26.419651575106634,26.80047537664185,26.351671337897912,27.980677473446747,0.0
2012-04,71563.0,32.040000915527344,0.020707280615406942,0.07316237229567313,0.07576312708644761,0.08025428890110264,38.28226504111501,19.374071286799428,15.918963903909376,44.84629159099859,27.753116383711937,26.893417011957858,28.139866628038142,0.0
2012-05,71563.0,30.219999313354492,-0.05680404338848932,0.020707280615406942,0.07316237229567313,0.07576312708644761,20.063564647410654,17.67912365352923,9.492749622002897,25.49833641653706,28.201640552737853,27.210234373995632,28.221440458834863,0.0
2012-06,71563.0,30.850000381469727,0.02084715693017336,-0.05680404338848932,0.020707280615406942,0.07316237229567313,13.460830362352038,38.402867269419616,12.386154914504228,31.781292535463567,28.68316052159819,27.55687875565983,28.324521240114663,0.0
2012-07,71563.0,31.3700008392334,0.016855768276619276,0.02084715693017336,-0.05680404338848932,0.020707280615406942,7.247866117037259,47.069859125357695,16.53046341132136,35.215516412158955,29.17167694298641,27.920033239809694,28.443951812629123,0.0
2012-08,71563.0,31.540000915527344,0.005419192596301414,0.016855768276619276,0.02084715693017336,-0.05680404338848932,0.4778640611518223,35.132822233637626,14.524327766978242,19.96956948335158,29.602281301630214,28.26479206606852,28.565365502938857,0.0
2012-09,71563.0,33.15999984741211,0.05136331277299466,0.005419192596301414,0.016855768276619276,0.02084715693017336,3.4956270283437716,43.1160972732982,23.54694358753515,19.97105853711049,30.2491392190451,28.731002330958386,28.745547241937807,0.0
2012-10,71563.0,28.950000762939453,-0.12696016597844517,0.05136331277299466,0.005419192596301414,0.016855768276619276,-4.202510189514847,15.017881109208478,12.733646491057893,4.891305662358247,30.012932227025892,28.751859324480392,28.753565027075126,0.0
2012-11,71563.0,28.170000076293945,-0.026943028189623797,-0.12696016597844517,0.05136331277299466,0.005419192596301414,-8.687196992015412,3.6042645199980834,26.379537547127512,2.622948245329636,29.67785365416554,28.696444157986445,28.73068012704449,0.0
2012-12,71563.0,29.110000610351562,0.03336885095888453,-0.026943028189623797,-0.12696016597844517,0.05136331277299466,-7.204335889131791,-0.4786303919604701,36.474452482293984,8.135217414007945,29.57460764619936,28.735830486783122,28.745555440115357,0.0
2013-01,71563.0,30.280000686645508,0.040192375532891234,0.03336885095888453,-0.026943028189623797,-0.12696016597844517,-3.994927686452697,-3.536153948983436,29.734363704741124,9.949163689291394,29.702860926280476,28.882894315341442,28.805729763508698,0.0
2013-02,71563.0,30.360000610351562,0.002642005346497056,0.040192375532891234,0.03336885095888453,-0.026943028189623797,-8.443906061353815,-5.243446495538685,31.031508460865147,13.114755729329891,29.822340868838854,29.02357110534241,28.8666815614241,0.0
2013-03,71563.0,31.389999389648438,0.03392617781916929,0.002642005346497056,0.040192375532891234,0.03336885095888453,8.428319731972394,3.871608546916517,24.711955878032445,22.235198662835728,30.10736969080423,29.24894522765727,28.965635201746622,0.0
2013-04,71563.0,30.770000457763672,-0.01975147957757606,0.03392617781916929,0.002642005346497056,0.040192375532891234,9.229678290479379,-0.2593190363592579,13.166604830411174,38.04396228772297,30.22784801206958,29.39380763052455,29.036394623551214,0.0
2013-05,71563.0,32.91999816894531,0.06987317774443413,-0.01975147957757606,0.03392617781916929,0.002642005346497056,13.08827715118257,4.941017813979095,12.54700228699252,54.33660706373558,30.717329858774256,29.729635300850337,29.188692801801963,0.0
2013-06,71563.0,33.880001068115234,0.02916169357735665,0.06987317774443413,-0.01975147957757606,0.03392617781916929,11.889036657312387,7.419150553784207,7.93246806907531,45.15852976272877,31.29236098774534,30.12490823106604,29.372665674990717,0.0
2013-07,71563.0,35.689998626708984,0.05342377513373675,0.02916169357735665,0.06987317774443413,-0.01975147957757606,17.55598784322851,7.629670660249785,11.392002518366862,54.03538415705357,32.09193146755691,30.65491684017489,29.620404222116925,0.0
2013-08,71563.0,33.959999084472656,-0.04847295065295032,0.05342377513373675,0.02916169357735665,0.06987317774443413,8.187319989791826,17.305693227983564,12.375909517196527,34.92252277129496,32.43158012517796,30.96968657772706,29.790584412797543,0.0
2013-09,71563.0,33.75,-0.006183718790754411,-0.04847295065295032,0.05342377513373675,0.02916169357735665,9.684756249278623,19.808306384783513,9.400322796339992,24.126514663820867,32.671292829691055,31.234478332229248,29.94585561229568,0.0
2013-10,71563.0,33.970001220703125,0.006518554687499956,-0.006183718790754411,-0.04847295065295032,0.05342377513373675,3.1895598729052193,16.69529546015653,8.288174408392091,16.136756310096153,32.90742162805688,31.495004321607713,30.103665243997934,0.0
2013-11,71563.0,34.7400016784668,0.02266707183084793,0.006518554687499956,-0.006183718790754411,-0.04847295065295032,2.5383724416730216,14.729197129075027,10.145848668520717,10.67219609415825,33.24061800085868,31.804051688927625,30.285482359075147,0.0
2013-12,71563.0,37.31999969482422,0.0742659151325431,0.02266707183084793,0.006518554687499956,-0.006183718790754411,4.56710880032202,22.924897709322085,12.54523482073166,16.47939646823812,33.98232376339787,32.32938007044159,30.561345784006484,0.0
2014-01,71563.0,37.40999984741211,0.0024115796710568738,0.0742659151325431,0.02266707183084793,0.006518554687499956,10.159013121166065,19.178084022992696,29.22279399488923,23.79219291007823,34.605537596855,32.81324862062925,30.829920453159648,0.0
2014-02,71563.0,37.79999923706055,0.010425003775438757,0.0024115796710568738,0.0742659151325431,0.02266707183084793,11.999997739438657,22.84692451970086,34.185300442617276,22.528359058839385,35.1863488041651,33.288177250765564,31.103256876057724,0.0
2014-03,71563.0,40.16999816894531,0.06269838570687392,0.010425003775438757,0.0024115796710568738,0.0742659151325431,18.251388653067167,22.02308749469859,37.99380737443474,28.052269984978945,36.09246687048877,33.94358876678268,31.458815358131748,0.0
2014-04,71563.0,37.33000183105469,-0.0706994390675918,0.06269838570687392,0.010425003775438757,0.0024115796710568738,7.4553829230045014,10.183000750216266,23.28269809953626,18.35764346055199,36.3174732269553,34.26610429671335,31.689057964913044,0.0
2014-05,71563.0,37.91999816894531,0.015804883711519446,-0.0706994390675918,0.06269838570687392,0.010425003775438757,1.6077129663114802,6.248247767001831,24.901177228619982,14.354639153910265,36.60884139822621,34.614094189306876,31.933408561149605,0.0
2014-06,71563.0,39.43000030517578,0.039820733363512995,0.015804883711519446,-0.0706994390675918,0.06269838570687392,5.39962701417495,16.107188952205075,25.613256042874333,36.20034288790891,37.12177938130795,35.07275191462772,32.227392551111414,0.0
2014-07,71563.0,37.02000045776367,-0.06112096953485846,0.039820733363512995,0.015804883711519446,-0.0706994390675918,-2.063488875767317,9.688890245225695,20.311991898014558,31.41640169506892,37.103274122481714,35.25820415683115,32.41533795921543,0.0
2014-08,71563.0,37.33000183105469,0.008373888964282816,-0.06112096953485846,0.039820733363512995,0.015804883711519446,-7.069943906759184,9.89108180633152,13.39612365552772,28.237722598260884,37.14449734222225,35.455518221042915,32.60806987575815,0.0
2014-09,71563.0,37.209999084472656,-0.003214646147758904,0.008373888964282816,-0.06112096953485846,0.039820733363512995,-0.32146461477588634,7.109951890235111,9.82880139130607,22.886387849005267,37.15640674990414,35.62261163660765,32.788537687864604,0.0
2014-10,71563.0,37.880001068115234,0.018005966141562357,-0.003214646147758904,0.008373888964282816,-0.06112096953485846,-0.10547759167043912,1.5005395977232023,6.136179674065156,24.769434474911204,37.287969353215246,35.83760110627504,32.98820291846267,0.0
2014-11,71563.0,37.59000015258789,-0.007655778969115401,0.018005966141562357,-0.003214646147758904,0.008373888964282816,-4.666497941534033,0.4811555891739278,10.689049369777397,19.751516035339726,37.34288404401027,36.00449625354293,33.16866555509503,0.0
2014-12,71563.0,38.88999938964844,0.03458364543185688,-0.007655778969115401,0.018005966141562357,-0.003214646147758904,5.051320661160601,2.8835983454708995,15.229627821180555,26.38933640261284,37.62417774321721,36.27930607602917,33.39303158782262,0.0
2015-01,71563.0,35.290000915527344,-0.09256874596607279,0.03458364543185688,-0.007655778969115401,0.018005966141562357,-5.4647758249780605,-12.14836314628116,3.885780533972253,7.199279703538212,37.199781956364504,36.18508653693376,33.467422541850254,0.0
2015-02,71563.0,38.04999923706055,0.07820907480676276,-0.09256874596607279,0.03458364543185688,-0.007655778969115401,2.2574581382841634,1.928736594400315,9.527914216093476,12.30814060649406,37.35436691649105,36.36269727027917,33.647131431858504,0.0
2015-03,71563.0,38.9900016784668,0.02470440105792937,0.07820907480676276,-0.09256874596607279,0.03458364543185688,2.9303077588503137,2.8217393491273075,4.47481778483022,9.246296382001598,37.65175505503209,36.61291673772561,33.85665575525491,0.0
2015-04,71563.0,38.290000915527344,-0.017953340159152842,0.02470440105792937,0.07820907480676276,-0.09256874596607279,1.8621994149985697,-2.8911980239036303,2.352315080739327,12.75030019960887,37.76779975694032,36.7726390403734,34.03051242820678,0.0
2015-05,71563.0,39.470001220703125,0.030817453041565912,-0.017953340159152842,0.02470440105792937,0.07820907480676276,1.49139069209929,6.618046279428529,4.417994754892072,16.948151765046298,38.077290932169916,37.02953067659528,34.243825714187025,0.0
2015-06,71563.0,40.310001373291016,0.021281989526447997,0.030817453041565912,-0.017953340159152842,0.02470440105792937,14.224993843950024,7.982853994283166,0.3485267879696769,18.66352641966924,38.483238285101024,37.34195645723297,34.48171495572051,0.0
2015-07,71563.0,40.27000045776367,-0.000992332278952679,0.021281989526447997,0.030817453041565912,-0.017953340159152842,5.83443170884706,8.223599700565224,7.875699122691204,15.918245573156039,38.80810413467605,37.62081779061684,34.708706544035934,0.0
2015-08,71563.0,36.91999816894531,-0.08318853366619494,-0.000992332278952679,0.021281989526447997,0.030817453041565912,-5.309062376021121,-2.534326483897557,-2.6371309290277147,-1.071815458600824,38.46481214090682,37.55407306474336,34.79542386265983,0.0
2015-09,71563.0,35.599998474121094,-0.03575297292226076,-0.08318853366619494,-0.000992332278952679,0.021281989526447997,-7.025339193228907,-5.293965603588312,-9.713420749205376,-4.838282225804994,37.94393692876396,37.36797072277933,34.82697580820733,0.0
2015-10,71563.0,37.150001525878906,0.04353941343240697,-0.03575297292226076,-0.08318853366619494,-0.000992332278952679,-5.877880980675809,-4.474152458414993,0.35116441520186725,-1.7195706992087934,37.79958503733031,37.34721175164596,34.918074855959155,0.0
2015-11,71563.0,38.619998931884766,0.03956924214341817,0.04353941343240697,-0.03575297292226076,-0.08318853366619494,-4.192513976261057,9.436095012659088,3.455657748607273,-3.858599222588023,37.94875119997657,37.46842957833537,35.063248349132714,0.0
2015-12,71563.0,37.810001373291016,-0.020973526178039714,0.03956924214341817,0.04353941343240697,-0.03575297292226076,-6.1087634877302115,-0.6307434128297545,1.6124759569497924,1.2858278025505436,37.92352395876101,37.500960225474,35.170964154001666,0.0
2016-01,71563.0,32.65999984741211,-0.1362073879615584,-0.020973526178039714,0.03956924214341817,0.04353941343240697,-11.538457564487192,-16.23493603117896,-13.780361862494669,-13.871304260349076,36.966519574879385,37.039916379944295,35.07249496550796,0.0
2016-02,71563.0,32.15999984741211,-0.015309246856583192,-0.1362073879615584,-0.020973526178039714,0.03956924214341817,-9.66291790492531,-16.00940433936997,-14.445331958323901,-18.43773878137499,36.09260689715806,36.57516242446504,34.95827947068067,0.0
2016-03,71563.0,33.27000045776367,0.034514944515488866,-0.015309246856583192,-0.1362073879615584,-0.020973526178039714,-10.444147802826881,-15.708134206206658,-14.4510131655612,-10.12965951817963,35.579405726359084,36.260385094303004,34.89207245056628,0.0
2016-04,71563.0,35.380001068115234,0.06342051642079816,0.034514944515488866,-0.015309246856583192,-0.1362073879615584,-8.38943022625146,-12.230216167748255,0.2550301792377999,-5.223682473321645,35.54315033395111,36.176538996570834,34.91120690615644,0.0
2016-05,71563.0,36.369998931884766,0.02798184945962956,0.06342051642079816,0.034514944515488866,-0.015309246856583192,-3.8085225842479544,-9.684632434929668,-4.4152439917514315,-2.2574581382841634,35.69348644266632,36.19496375231501,34.968414436577156,0.0
2016-06,71563.0,35.61000061035156,-0.020896297603872904,0.02798184945962956,0.06342051642079816,0.034514944515488866,9.032457981389744,-3.5482059143102402,-8.668891825110961,-5.9926092760182135,35.67830720042727,36.13925297688992,34.99357467868596,0.0
2016-07,71563.0,36.869998931884766,0.03538327155116461,-0.020896297603872904,0.02798184945962956,0.06342051642079816,14.645519610758537,3.5674171690958936,-3.708545180699485,-1.9154062723608594,35.89497842432863,36.208847829746574,35.06715994351729,0.0
2016-08,71563.0,38.5,0.044209414573799455,0.03538327155116461,-0.020896297603872904,0.02798184945962956,15.719866156526876,3.633912297905767,-2.4575657225830843,-1.002826936922621,36.36861871081433,36.42705279834214,35.20178112220289,33.985037612915036
2016-09,71563.0,37.720001220703125,-0.020259708553165612,0.044209414573799455,0.03538327155116461,-0.020896297603872904,6.613906393283632,-2.3303928950619426,-6.425204823495734,6.885804029850844,36.614324621703204,36.550190743328905,35.30053485155584,34.02220142990796
2016-10,71563.0,39.20000076293945,0.03923646591570118,-0.020259708553165612,0.044209414573799455,0.03538327155116461,7.781143563833565,3.6762743696442524,-2.657064024487571,3.0223430983904183,37.08444755647343,36.80255360233943,35.453455083374806,34.07372182128141
2016-11,71563.0,45.25,0.15433671222732093,0.03923646591570118,-0.020259708553165612,0.044209414573799455,27.07104528059503,38.54868405207751,22.56230293657311,16.055393824182477,38.56909345529644,37.607072306878536,35.83763331539932,34.18492856932836
2016-12,71563.0,47.02000045776367,0.03911603221577176,0.15433671222732093,0.03923646591570118,-0.020259708553165612,27.52916143184723,46.206469778784324,32.07865863237097,22.79968486157999,40.10562200119957,38.50354165458188,36.27615751706067,34.31264072742225
2017-01,71563.0,46.189998626708984,-0.017652101722122393,0.03911603221577176,0.15433671222732093,0.03923646591570118,19.974022407036323,38.833778152023996,24.333773161577838,17.02558195635685,41.21187229674673,39.235585175736844,36.664935599791974,34.4308233930868
2017-02,71563.0,48.220001220703125,0.04394896415563676,-0.017652101722122393,0.03911603221577176,0.15433671222732093,27.836690509535124,36.29168955610748,24.857593356618594,19.622921304719164,42.486077555647896,40.09124384668601,37.118075428063,34.56802914261532
2017-03,71563.0,44.70000076293945,-0.07299876334827571,0.04394896415563676,-0.017652101722122393,0.03911603221577176,14.03061197182379,22.903497596069382,18.22269013329244,11.000745604217443,42.888609047882724,40.53017307680538,37.415405833352274,34.6688447806285
2017-04,71563.0,43.18000030517578,-0.03400448393334021,-0.07299876334827571,0.04394896415563676,-0.017652101722122393,-4.5745849609375,21.25807235348285,32.21065678785436,16.955586258657977,42.94158927648146,40.78253757474542,37.64146836165908,34.75353289530061
2017-05,71563.0,41.650001525878906,-0.03543304234561295,-0.03400448393334021,-0.07299876334827571,0.04394896415563676,-11.420669671639917,12.964477169703542,29.50871182678333,16.994391323234957,42.70675514000827,40.865153189139086,37.7986657406481,34.82215447371432
2017-06,71563.0,45.40999984741211,0.09027606683752354,-0.03543304234561295,-0.03400448393334021,-0.07299876334827571,-1.688674610277748,17.948051551719765,36.48932738988143,22.23418030219794,43.198254177718056,41.29799572802223,38.09714943110943,34.927506168975
2017-07,71563.0,47.31999969482422,0.04206121677670427,0.09027606683752354,-0.03543304234561295,-0.03400448393334021,-1.866448575477209,25.450684420582697,33.74787525789369,22.52719058403886,43.94766245355554,41.871519915336705,38.45882983360805,35.05081456226703
2017-08,71563.0,46.09000015258789,-0.025993228025545934,0.04206121677670427,0.09027606683752354,-0.03543304234561295,3.1096182682862032,17.576528713138178,26.72532720967945,21.898964502936693,44.33717839883414,42.27327993793206,38.75809141474452,35.160657204956784
2017-09,71563.0,46.939998626708984,0.01844214517915055,-0.025993228025545934,0.04206121677670427,0.09027606683752354,8.707731113847423,3.734803594936982,31.816899247858693,43.723205284792385,44.81041844026593,42.717729336863194,39.07895052109607,35.27786458228765
2017-10,71563.0,49.2400016784668,0.04899878822001291,0.01844214517915055,-0.025993228025545934,0.04206121677670427,18.223289014459944,4.721397701170313,33.55032032801225,53.109458681882124,45.6157972108479,43.33889813130163,39.477423115502766,35.41679131956307
2017-11,71563.0,49.41999816894531,0.003655493183243097,0.04899878822001291,0.01844214517915055,-0.025993228025545934,8.83065037438385,6.992854813311484,28.363631607650163,48.542222690029995,46.30747011232016,43.91805051583913,39.86732801955934,35.55612671109921
2017-12,71563.0,49.720001220703125,0.006070478811679214,0.003655493183243097,0.04899878822001291,0.01844214517915055,5.0718544830029115,3.110742351777418,31.813360582325856,40.53137286508232,46.927930313844335,44.470617249635694,40.253707360780666,35.697060785821634
2018-01,71563.0,55.189998626708984,0.11001603523147518,0.006070478811679214,0.003655493183243097,0.04899878822001291,19.743975795170705,23.467556341669543,40.79081008306211,51.74594514030944,48.430124552547,45.49151071411886,40.83944427317002,35.89102036632798
2018-02,71563.0,54.349998474121094,-0.015220151721137665,0.11001603523147518,0.006070478811679214,0.003655493183243097,15.786110064340308,25.868453195926488,20.11049386546098,52.625660046526235,49.50646526556047,46.335176215071456,41.369269928109276,36.07469179028612
2018-03,71563.0,52.040000915527344,-0.04250225618117842,-0.015220151721137665,0.11001603523147518,0.006070478811679214,5.686432050397387,24.945976012012128,10.676308823673775,41.144568546552705,49.967108111009,46.87849285321011,41.787729966831556,36.2335505875522
2018-04,71563.0,52.79999923706055,0.014604118143019429,-0.04250225618117842,-0.015220151721137665,0.11001603523147518,6.839338715797788,16.273947180093614,14.310458555695615,37.14285516119622,50.48217922483655,47.44244584214825,42.21958366370328,36.39839087262194
2018-05,71563.0,52.5,-0.0056818038143071625,0.014604118143019429,-0.04250225618117842,-0.015220151721137665,5.591308751093312,10.946746277647083,8.875982312209626,39.18345254767562,50.849055729411724,47.92411766670556,42.622737245518834,36.55860588881475
2018-06,71563.0,50.439998626708984,-0.03923812139601934,-0.0056818038143071625,0.014604118143019429,-0.04250225618117842,-8.606631850324518,9.43805263553866,12.84115831275004,28.673463380123383,50.77468171073849,48.16372537718208,42.92929651536943,36.69672919963958
2018-07,71563.0,50.810001373291016,0.007335502709274522,-0.03923812139601934,-0.0056818038143071625,0.014604118143019429,-6.513334315024237,8.2445736254879,17.67022004212599,12.287295852576829,50.78110346756622,48.41575166252579,43.238343764699685,36.837159768531635
2018-08,71563.0,51.65999984741211,0.01672895987300449,0.007335502709274522,-0.03923812139601934,-0.0056818038143071625,-0.7302095723096965,4.9146996069328015,24.033608534956638,9.868139822364267,50.94090280935637,48.72472768013401,43.56860478755115,36.984650714590146
2018-09,71563.0,48.540000915527344,-0.06039486916570447,0.01672895987300449,0.007335502709274522,-0.03923812139601934,-8.068178755849473,-1.7806501133602715,6.892757275121664,5.087686422790863,50.50437519229655,48.70713465493338,43.76356149845218,37.0996293235547
2018-10,71563.0,49.15999984741211,0.01277294850001609,-0.06039486916570447,0.01672895987300449,0.007335502709274522,-6.361905052548362,-1.126310055394436,3.8884196205714407,1.9493956924774996,50.25994331140846,48.75026467326469,43.975186531744725,37.21963301035926
2018-11,71563.0,51.099998474121094,0.03946295021827817,0.01277294850001609,-0.06039486916570447,0.01672895987300449,1.3084850622153392,-7.410763280230544,10.870033206654044,14.317668013303136,50.41268061371985,48.97404884477483,44.25459092164184,37.35774609955092
2018-12,71563.0,43.31999969482422,-0.15225046989457247,0.03946295021827817,0.01277294850001609,-0.06039486916570447,-14.741195583600241,-20.294386548233007,-7.711970681279434,0.32422276206342787,49.12310226482973,48.43556797335096,44.21794028529606,37.417072005971555
2019-01,71563.0,48.79999923706055,0.12650045200464466,-0.15225046989457247,0.03946295021827817,0.01277294850001609,-5.5361994169553475,-6.225983131180282,-0.8935873810066663,17.16686062241569,49.06435625978079,48.47027571275188,44.39762887163977,37.53033496349483
2019-02,71563.0,50.970001220703125,0.044467254458368854,0.12650045200464466,-0.15225046989457247,0.03946295021827817,5.006181004002524,-3.465905384091253,3.1363883229194616,12.24400218448333,49.410837161766665,48.708344808747235,44.6553689637599,37.66406298595462
2019-03,71563.0,46.529998779296875,-0.087110110556615,0.044467254458368854,0.12650045200464466,-0.15225046989457247,-5.349880138890365,-11.371430896577381,-6.41593395632893,-1.6694863073165926,48.88704836495397,48.50088328213291,44.72888385848684,37.75228125255504
2019-04,71563.0,51.20000076293945,0.10036540094904223,-0.087110110556615,0.044467254458368854,0.12650045200464466,0.1956992011829593,1.5067449582126524,-7.2295668835885545,11.087004975990746,49.30758516458769,48.757942089828774,44.98265314885753,37.88608940688723
2019-05,71563.0,46.75,-0.08691407610604052,0.10036540094904223,-0.087110110556615,0.044467254458368854,7.917821628206499,-7.990555527568263,-13.98343824745433,-0.40476913563622186,48.8425696801172,48.56670950984508,45.05196086851018,37.97428752224159
2019-06,71563.0,49.130001068115234,0.050909113756475666,-0.08691407610604052,0.10036540094904223,-0.087110110556615,0.6762332709302006,-4.897403768427642,-5.591852029625625,-0.2233968452516666,48.89482993248048,48.62035632491843,45.21188401359273,38.08528964707615
2019-07,71563.0,51.529998779296875,0.048849942173911476,0.050909113756475666,-0.08691407610604052,0.10036540094904223,1.0986806850738091,6.159863632827143,-2.4053039320353875,4.269527900706097,49.37395154099255,48.89746513009733,45.459653220090935,38.21906784739676
2019-08,71563.0,47.650001525878906,-0.07529589259328351,0.048849942173911476,0.050909113756475666,-0.08691407610604052,2.4070551815281087,-3.0715995244509604,-9.238092331659226,-4.163313845540057,49.06050608369915,48.77865907255272,45.54554923208262,38.312907983501056
2019-09,71563.0,53.369998931884766,0.1200419144351823,-0.07529589259328351,0.048849942173911476,0.050909113756475666,4.238277610566056,4.44227108717681,5.808882602990968,-3.2976983875905317,49.844050237914715,49.21592953534625,45.85239039678075,38.46272978398248
2019-10,71563.0,53.04999923706055,-0.005995872235872279,0.1200419144351823,-0.07529589259328351,0.048849942173911476,13.475934196920955,22.46075625757414,4.408576664489164,-2.3919029872273967,50.42695005594123,49.58107903074761,46.134649566987804,38.607876743714606
2019-11,71563.0,54.720001220703125,0.031479773942690636,-0.005995872235872279,0.1200419144351823,-0.07529589259328351,11.377976859470765,12.131151795483445,5.923347623556576,5.14988519989849,51.20750481317066,50.07050019169575,46.471330023996245,38.7681963902518
2019-12,71563.0,56.31999969482422,0.029239737544372257,0.031479773942690636,-0.005995872235872279,0.1200419144351823,9.295557983695927,10.496367168906438,16.028015312229115,6.6666676299740715,52.13704933710766,50.66569062056513,46.85755236402872,38.94284119925252
2020-01,71563.0,51.56999969482422,-0.08433948909336597,0.029239737544372257,0.031479773942690636,-0.005995872235872279,8.226648569604652,10.831723721793539,4.902359346811465,-1.7714291527157737,52.03394940214704,50.751815294304095,47.04235422013835,39.06848456736767
2020-02,71563.0,46.13999938964844,-0.10529378199164041,-0.08433948909336597,0.029239737544372257,0.031479773942690636,-13.54693589457226,-9.882815034943595,-9.706456423838409,-8.524978893999437,50.96232212714729,50.31259473195594,47.006967756197575,39.13884789893266
2020-03,71563.0,30.84000015258789,-0.33159946769511917,-0.10529378199164041,-0.08433948909336597,0.029239737544372257,-41.866162872546894,-34.032085235106116,-28.808863412174517,-39.30328809477386,47.303718131772854,48.45806191487327,46.372969026644256,39.05627229946654
2020-04,71563.0,37.31999969482422,0.21011671563472967,-0.33159946769511917,-0.10529378199164041,-0.08433948909336597,-31.79824769319573,-24.038268097973972,-23.524589593677668,-27.758420818706696,45.48849659778219,47.397294084392406,46.01795062147484,39.03899595514175
2020-05,71563.0,36.779998779296875,-0.014469478026341909,0.21011671563472967,-0.33159946769511917,-0.10529378199164041,-34.694604086304814,-28.624103142665092,-27.839909950095347,-24.227445229545907,43.90513335805758,46.386123102954734,45.65567800021296,39.0165183713025
2020-06,71563.0,37.54999923706055,0.020935304059800597,-0.014469478026341909,0.21011671563472967,-0.33159946769511917,-27.186349700852873,-21.196226580041152,-19.29937626869636,-23.61676290965802,42.74965442696721,45.54458749667909,45.33780824479522,39.00192614111104
2020-07,71563.0,37.459999084472656,-0.002396808373275938,0.020935304059800597,-0.014469478026341909,0.21011671563472967,-18.812311270041214,-29.8107554165736,-26.83594037836879,-26.692758898136233,41.78789891015002,44.774626695516574,45.028874552233546,38.98658358333355
2020-08,71563.0,38.810001373291016,0.036038502984853116,-0.002396808373275938,0.020935304059800597,-0.014469478026341909,25.843064790109395,-26.842597678722523,-16.983954281730448,-10.410891858967506,41.24646299435747,44.2065671410189,44.784997172667175,38.9848265464177
2020-09,71563.0,38.04999923706055,-0.019582636159180877,0.036038502984853116,-0.002396808373275938,0.020935304059800597,1.9560545235952111,-30.46418423202728,-22.552415204903127,-22.0286888689868,40.66528776575803,43.62022734064192,44.52087960656496,38.97552478214549
2020-10,71563.0,42.119998931884766,0.10696451449229083,-0.019582636159180877,0.036038502984853116,-0.002396808373275938,14.518761092492824,-25.21306967308884,-18.26120720032454,-17.363158871622005,40.929780705053794,43.477348444569806,44.42672742324417,39.006813082142905
2020-11,71563.0,46.41999816894531,0.10208925323133022,0.10696451449229083,-0.019582636159180877,0.036038502984853116,23.621835185366354,-9.986429234739324,-2.581329102928935,-0.23640793732516993,41.92800206212498,43.75760079927223,44.50489490346774,39.080576117832486
2020-12,71563.0,47.93000030517578,0.0325291295948531,0.10208925323133022,0.10696451449229083,-0.019582636159180877,27.94981707579109,3.879499218044924,-10.192989948626312,-6.3867195489001345,43.0192744699524,44.15497218078686,44.639212762358255,39.16863008984585
