Date,Lo PRIOR,PRIOR 2,PRIOR 3,PRIOR 4,PRIOR 5,PRIOR 6,PRIOR 7,PRIOR 8,PRIOR 9,Hi PRIOR
192701,-3.32,-4.46,2.69,-0.33,-0.41,0.97,0.74,0.36,-0.41,-0.24
192702,7.53,5.93,8.25,7.27,3.22,4.21,2.83,3.26,4.2,7.01
192703,-3.23,-3.01,-3.92,-4.77,-0.48,-2.42,2.05,0.41,0.96,5.47
192704,2.04,-3.2,-2.47,-1.37,2.2,-0.05,2.05,-0.59,1.59,5.49
192705,2.72,4.57,5.95,3.18,6.36,5.8,4.96,6.81,8.11,6.32
192706,-6.44,-3.51,-3.13,-2.62,-2.1,-1.91,-1.92,-1.64,-2.37,-1.58
192707,4.05,4.56,4.25,5.04,8.32,6.98,8.51,7.01,6.35,13.14
192708,-0.41,0.3,1.37,1.68,3.07,1.15,2.51,2.28,0.35,5.54
192709,-0.39,2.96,3.4,4.29,4.17,5.07,4.71,4.45,5.76,7.35
192710,-6.03,-3.08,-1.97,-3.07,-3.31,-3.59,-3.25,-5.4,-5.25,-6.1
192711,13.52,5.98,5.35,5.83,6.69,4.8,7.44,8.02,10.25,6.38
192712,4.95,0.43,0.38,4.06,1.99,1.16,1.58,1.12,4.94,5.08
192801,-0.36,-1.22,-1.36,-1.06,0.31,0.07,-0.23,0.71,-1.47,-0.87
192802,-0.94,-1.49,-1.2,-1.62,-1.24,-0.26,-1.2,-2.93,-2.73,0.15
192803,7.03,7.06,6.5,4.23,4.16,7.91,6.32,7.22,20.17,12.75
192804,7.84,7.61,8.81,9.97,4.3,4.28,1.21,3.01,1.23,3.73
192805,3.83,1.85,-3.21,-0.63,1.38,1,2.73,0.65,3.19,5.16
192806,-7.99,-8.36,-3.89,-3.98,-4.05,-3.45,-5.62,-5.13,-4.32,-3.54
192807,-3.17,1.18,-0.55,0.21,1.26,0.85,0.48,-0.15,2.55,2.18
192808,7.09,3.35,3.97,4.64,6.36,6.61,7.27,10.56,11.16,8.79
192809,1.4,5.02,0.58,1.29,0.43,3.76,4.59,3.95,6.23,5.54
192810,-3.71,-1.32,2.07,0.02,0.9,1.47,0.73,5.12,1.58,7.3
192811,7.62,8.06,9.61,11.55,11.19,10.36,18.7,10.63,6,24.36
192812,-3.14,0.42,-0.69,-0.3,-0.6,-1.83,2.08,3.39,0.33,2.17
192901,5.16,2.28,3.22,5.65,6.17,2.9,4.71,8.6,6.66,-2.82
192902,-3.9,2.44,-1.98,-2.24,-0.11,-1.07,-0.15,0.26,0.55,3.6
192903,-0.64,-0.29,-0.49,-2.32,2.34,1.88,-1.35,-0.85,-2.74,2.09
192904,-8.36,1.98,0.06,1.28,0.29,2.59,2.56,4.27,2.94,0.65
192905,-10.1,-9.67,-3.92,-3.8,-0.92,-8.72,-3.79,-4,-5.87,-12.34
192906,-2.18,4.81,4.11,6.51,4.88,6.6,11.51,12.48,18.48,9.34
192907,1.64,-0.88,1.25,-0.88,4.97,5.42,8.14,3.7,4.85,5.4
192908,-0.47,0.77,4.65,3.11,4.23,7.22,11.54,11.88,13.65,8.54
192909,-9.36,-11.14,-5.93,-4.48,-3.64,-4.73,-2.15,-7.75,-5.77,-3.43
192910,-32.99,-26.61,-26.54,-17.38,-9.77,-15.34,-9.79,-14.93,-16.09,-27.55
192911,-15.77,-13.55,-13.79,-9.13,-8.28,-8.12,-8.25,-10.79,-12.62,-16.38
192912,-3.14,-8.29,-0.05,2.51,0.97,0.95,-5.15,1.99,2.12,4.68
193001,14.04,7.94,4.97,6.9,6.2,7.99,4.9,3.32,7.71,3.84
193002,2.3,0.58,3.11,1.15,4.13,1.33,1.42,3,2.05,3.4
193003,13.27,3.07,11.89,11.18,7.42,5.73,5.51,6.71,5.94,8.47
193004,-1.77,6.36,-10.22,-10,-4.62,1.46,-3.35,-3.58,-0.84,-1.38
193005,-0.43,-8.07,4.72,0.02,1.12,-2.7,-4.18,-1.21,-0.97,-1.03
193006,-26.35,-24.63,-16.8,-20.34,-21.54,-16.49,-13.8,-10.96,-13.55,-16.36
193007,4.8,6.06,5.38,5.31,9.13,5.28,4.94,3.21,1.38,6.27
193008,-5.52,0.42,-3.41,-4.18,1.02,1.37,2.22,0.64,0.16,1.16
193009,-21.64,-23.11,-22.95,-15.85,-14.46,-12.1,-13.4,-8.64,-9.85,-12.46
193010,-18.12,-14.34,-16.34,-15.24,-11.15,-10.07,-6.97,-6,-9.11,-7.22
193011,1.43,4.56,-3.99,-1.11,-3.62,-2.96,-3.54,-0.88,-3.4,-1.74
193012,-27.28,-13.61,-17.99,-13.73,-10.87,-10.46,-8.82,-4,-5.14,-2.87
193101,22.97,17.33,9.52,10.36,11.92,3.7,4.4,4.49,5.9,5.62
193102,24.51,35.06,17.31,20.2,18.83,12.93,12.49,8.45,7.79,6.57
193103,-15.66,-14.95,-10.41,-11,-11.58,-5.07,-9.12,-4.83,-4.62,-1.72
193104,-26.01,-16.76,-18.9,-19.12,-15.79,-11.87,-10.49,-9.5,-6.06,-4.29
193105,-19.4,-19.55,-19.37,-14.32,-15.44,-15.03,-12.78,-13.51,-11.38,-9.89
193106,37.26,36.02,21.07,23.35,20.13,15.27,17.35,11.62,11.03,8.21
193107,-14.86,-12.5,-10.87,-11.78,-9.26,-9.43,-6.7,-5.24,-4.57,-1.55
193108,8.69,-0.9,5.87,0.02,2.57,0.37,-5.23,-0.92,1,-0.54
193109,-40.7,-38.78,-35.39,-28.03,-31.54,-29.2,-34.71,-27.19,-27.17,-23.16
193110,1.51,7.97,4.58,3.56,7.33,8.1,11.29,6.27,9.9,11.4
193111,-15.79,-18.86,-14.65,-9.92,-15.16,-11.69,-8.81,-6.02,-7.47,-3.08
193112,-30.57,-24.24,-21.81,-22.7,-19.84,-14.91,-12.97,-9.99,-11.62,-5.82
193201,17.19,10.01,2.73,1.44,0.79,-3.05,-4.35,-3.34,-0.08,-0.76
193202,-2.5,6.17,6.65,-0.15,7.18,4.35,5.82,8.12,5.74,1.69
193203,-20.42,-22.9,-17.43,-15.07,-14.08,-12.22,-14.32,-9.34,-7.28,-4.73
193204,-25.51,-20.84,-23.31,-21.84,-17.68,-22.83,-23.91,-19.04,-13.71,-10.99
193205,-36.1,-39.26,-33.13,-21.73,-25.95,-24.89,-16.45,-17.93,-18.26,-13.46
193206,5.9,2.53,-0.82,-7.01,-4.19,2.26,-0.93,-3.5,6,1.06
193207,74.55,79.66,61.97,52.33,44.32,44.21,32.15,32.45,22.09,14.1
193208,93.55,76.16,66.38,49.68,60.45,44.46,33.93,25.44,25.89,16.87
193209,-5.25,-5.37,-6.24,1.53,-6.46,-1.26,-2.29,-2.48,-4.97,-3.89
193210,-23.3,-16.97,-22.02,-12.67,-9.77,-11.02,-13.68,-9.26,-14.51,-3.07
193211,-13.34,-7.72,-9.28,-6.99,-2.51,-2.59,-4.1,-7.74,-5.84,-20.92
193212,-7.3,2.64,4.49,3.6,2.31,5.69,4.66,5.37,7.23,2.49
193301,-1.92,2.28,2.12,5.3,2.21,-0.1,0.92,-0.97,5.08,-3.31
193302,-24.52,-19.83,-19.64,-20.42,-15.66,-14.31,-16.44,-11.15,-16.37,-16.03
193303,-5.05,9.54,6.69,9.04,6.24,2.49,-2.91,2.39,7.09,8.51
193304,70.8,53.79,51.49,61.99,40.5,48.38,35.89,27.6,33.92,26.71
193305,46.3,32.83,17.04,20.04,17.2,28.23,21.46,21.44,21.29,19.27
193306,24.22,9.92,8.2,13.46,11.92,9.49,12.26,17.29,18.46,17.04
193307,-7.32,-8.21,-10.97,-9.11,-11.44,-14.15,-11.14,-5.86,-11,-13.02
193308,5.79,5.39,11.96,12.94,15.44,17.2,19.16,18.39,22.54,17.49
193309,-21.65,-12.12,-9.23,-8.32,-8.99,-5.71,-12.26,-11.65,-12.16,-7.13
193310,-8.73,-7.55,-7.28,-10.47,-8.96,-7.9,-7.35,-10.24,-8.86,-8.1
193311,-1.35,2.35,11.62,13.32,8.34,9.32,10.1,21.56,9.37,6.49
193312,0.74,2.85,-1.94,0.58,-0.3,0.78,2.79,7.81,6.11,1.86
193401,22.24,12.91,12.32,9.48,8.8,15.26,13.86,11.35,11.82,12.45
193402,-1.96,0.41,-4.27,-1.13,-3.32,-2.4,-3.85,-3.03,-5.25,-0.13
193403,-0.33,0.07,0.3,-0.93,-0.09,-0.51,3.68,-0.13,1.56,1.04
193404,-0.02,-0.21,-0.62,-3.39,-2.74,-1.1,-3.37,-4.08,-5.9,-7.68
193405,-5.83,-6.45,-5.73,-5.26,-10.55,-9.56,-8.86,-7.17,-11.61,-8.65
193406,1.74,5.15,2.63,3.2,1.61,3.38,2.56,0.8,2.82,2.7
193407,-26.86,-16.65,-18.37,-14.54,-13.66,-8.82,-8.93,-8.07,-7.54,-8.27
193408,3.18,2.05,10.17,6.38,5.26,5.02,6.27,4.86,5.94,8.39
193409,1.48,-0.24,1.56,-1.25,-0.88,-0.85,-1.07,1.36,0.13,-0.87
193410,-6.51,-5.28,-4.9,-3.46,-2.9,-1.07,-0.66,-2.87,2.03,3.4
193411,12.91,10.87,4.12,11.37,7.77,5.94,10.61,7.44,10.28,13.65
193412,-0.33,-3.74,-2.18,1.1,1.27,-0.01,-1.03,0.14,2.83,3.4
193501,-6.86,-6.04,-7.69,-4.79,-4.13,-0.7,-2.68,-1.68,-1.1,-0.61
193502,-21.8,-12.57,-7.12,-8.23,-5.39,-2.74,-1.35,1.76,3.91,3.19
193503,1,-4.05,-9.78,-5.9,-0.24,-6.22,-2.72,-3,-4.66,-1.47
193504,9.21,16.39,11.2,13.37,10.41,9.27,8.93,7.78,7.95,6.7
193505,4.92,10.81,4.12,2.78,7.6,4.76,2.9,4.12,2.64,1.19
193506,-1.41,8.93,9.48,7.84,8.76,5.73,4.45,5.07,6.74,6.57
193507,11.73,14.23,13.29,12.6,6.45,8.18,7.33,7.17,5.31,6.53
193508,21.31,21.79,2.11,-0.07,-0.32,3.36,4.02,2.67,1.17,3.5
193509,-13.81,1.01,-3.77,0.2,-1.08,3.25,4.05,2.76,4.78,8.72
193510,7.85,8.67,3.57,9.5,5.18,3.92,6.69,8.55,8.58,12.12
193511,20.3,6.34,6.96,5.09,3.64,2.44,6,3.5,6.12,3.01
193512,-0.37,6.29,4.19,3.85,6.94,2.52,1.85,2.99,6.07,7.99
193601,11.58,8.99,6.2,8.91,5.64,7.72,5.88,5.56,5.93,12.68
193602,2.24,0.32,1.78,1.76,3.9,2.71,3.42,3.56,2.02,1.19
193603,-1.47,-0.55,0.42,0.64,0.77,-1.42,5.13,-1.17,1.07,5.28
193604,-2.82,-4.97,-7.8,-7.49,-6.57,-10.01,-12.36,-10.84,-12.01,-13.61
193605,4.74,4.07,3.93,4.83,6.87,3.36,7.44,4.74,9.34,8.55
193606,3.13,2.12,1.56,1.53,2.54,3.22,1.84,4.16,3.9,-0.97
193607,0.97,2.95,4.36,7.05,8.97,8.52,11.73,5.29,12.29,9.68
193608,1.13,0.46,-0.12,1.89,3.48,-0.64,-1.02,-0.25,2.13,-0.02
193609,1,-0.6,2.61,-0.33,-0.26,2.66,1.11,0.61,4.19,1.51
193610,7.63,3.67,5.16,6.53,5.91,8.19,9.47,7.04,10.66,7.48
193611,1.88,5.45,2.68,3.65,3.44,2.34,1.22,6.18,2.25,2.94
193612,-1.14,-1.24,-0.27,0.67,-1.06,-0.89,-0.01,0.29,3.57,4
193701,1.74,4.53,4.35,2.15,2.21,5.01,2.83,5.16,1.61,4.55
193702,-0.84,0.9,-0.11,0.13,-0.25,-0.57,1.43,3.13,6.16,3.22
193703,-2,-1.76,-1.06,-1.65,-1.62,-1.51,2.03,5.01,-0.19,3.47
193704,-10.76,-7.15,-5.76,-6.29,-5.53,-6.06,-4.88,-8.13,-13.87,-14.74
193705,-2.21,-1.2,0.68,0.05,0.16,-1.59,-2.68,-0.72,0.37,-1.93
193706,-5.08,-3.9,-4.09,-4.36,-4.23,-4.83,-4.68,-2.16,-4.48,-7.01
193707,13.2,11.17,6.98,6.48,8.04,8.24,9.54,9.18,11.62,9.79
193708,-8.47,-3.18,-5.28,-3.17,-4.71,-4.71,-2.96,-5.65,-6.81,-7.38
193709,-17.05,-9.85,-11.29,-7.12,-11.48,-14.33,-15.67,-18.74,-19.05,-20.71
193710,-6.58,-10.14,-7.15,-9.51,-8.73,-8.8,-8.43,-9.83,-11.84,-12.38
193711,-2.54,-8.68,-3.32,-9.72,-7.95,-9.54,-9.16,-4.82,-10.19,-11.03
193712,-16.55,-6.05,-8.01,-11.88,-9.51,-3.18,-3.2,-2.82,-2.11,-0.57
193801,7.21,4.53,-0.22,0,-0.98,4,2.06,0.42,-0.66,-1.01
193802,9.12,9.65,6.1,9.74,5.79,7.48,7.72,8.33,6.75,1.79
193803,-42.26,-40.43,-34.04,-32.62,-31.83,-30.77,-25.77,-25.09,-22.83,-17.31
193804,24.76,24.54,22.49,17.53,16.79,19.14,16.96,14.75,11.91,13.88
193805,-8.06,-8.82,-11.33,-8.3,-8.3,-7.79,-5.55,-6.28,-3.15,0.76
193806,43.58,43.39,42.64,40.78,39.92,35.51,31.97,27.83,16.55,10.47
193807,22.73,7.82,15.93,11.96,11.06,7.92,12.96,6,4,4.87
193808,-7.83,-5.29,-4.86,-8.16,-3.41,-5.03,0.31,-4.22,-1.8,-1.97
193809,-4.2,-0.26,-2.31,-0.4,-0.75,0.85,1.78,1.55,1.35,0.15
193810,21.78,15.07,16.48,9.62,6.89,6.53,6.66,6.48,7.54,6.86
193811,-10.87,-4.76,-3.83,-3.6,-2.56,-1.83,-0.85,-1.92,-0.62,-1.42
193812,0.94,4.44,5.97,3.42,4.26,3.85,4.49,3.62,2.89,8.81
193901,-4.34,-6.36,-3.41,-5.44,-6.69,-8.03,-6.44,-5.41,-7.71,-9.21
193902,-0.54,0.32,4.73,3.39,1.64,2.61,4.04,5.31,5.35,4.75
193903,-16.8,-10.37,-15.5,-11.28,-15.88,-11.65,-7.71,-8.51,-15.76,-18.23
193904,0.88,-0.7,-0.56,-1.19,1.09,-1.31,-1.29,0.74,-0.25,2.19
193905,4.3,6.75,4.16,5.44,4.97,7.64,7.29,6.65,8.48,8.83
193906,-12.48,-5.26,-6.84,-4.86,-7.16,-5.48,-4.17,-5.19,-4.18,-6.11
193907,10.07,16.79,11.8,10.24,9.98,11.34,9.93,7.39,11.11,13.36
193908,-15.29,-12.94,-11.7,-11.52,-7.09,-7.34,-7.45,-6.85,-5.03,-4.24
193909,53.18,43.19,35.33,25.2,30.23,21.29,14.71,10.16,8.55,7.92
193910,-7.36,-2.98,-3.93,-3.88,-3.41,-0.11,-0.94,0.71,1.54,4.91
193911,-6.51,-7.04,-3.14,-2.68,-3.28,-5.83,-1.9,-2.56,-3.94,-6.7
193912,-0.69,0.02,-0.26,2.2,3.72,3.17,3.56,3.61,4.21,7.18
194001,-1.55,-2.9,-3.89,-3.33,-5.47,-3.06,-2.3,-2.03,-0.3,0.12
194002,-1.31,-0.69,0.74,0.79,0.59,2.7,1.48,1.26,2.1,5.14
194003,3.06,0.79,4.24,1.12,3.2,1.77,1.48,2.49,0.91,4.57
194004,-4.06,-0.01,-2.01,-0.29,0.59,0.67,-0.25,0.65,4.76,3.85
194005,-26.23,-28.17,-25.06,-18.46,-20.95,-22.68,-22.08,-21.2,-25.4,-28.52
194006,9.3,7.11,5.74,7.97,6.12,7.84,9.21,1.73,4.9,6.31
194007,1.39,3.65,4.49,3.54,2.01,4.12,2.23,3.47,2.72,4.37
194008,6.68,3.7,3.98,1.44,2.05,1.88,3.83,0.76,0.66,2.22
194009,1.96,1.1,4.29,1.28,2.58,2.39,2.53,2.98,2.97,0.65
194010,4.89,14.94,8.09,11.11,6.14,1.57,3.81,1.3,-0.54,2.72
194011,-1.47,-4.22,0.61,-1.38,1.18,-1.54,-4.68,-1.86,-0.73,-0.79
194012,-4.67,0.63,0.03,0.77,0.24,0.5,0.95,0.99,1.24,1.79
194101,0.81,-2.18,-1.07,-3.24,-4.51,-4.82,-6.04,-3.99,-3.63,-5.26
194102,-2.2,-3.75,-1.14,-1.26,-1.39,-1.59,-1.24,-2.09,-0.16,-2.36
194103,-3.25,0.08,-0.85,1.78,-0.01,0.13,0.91,2.28,2.51,-0.7
194104,-11.69,-8.44,-7.17,-3.88,-3.88,-7.46,-5.29,-5.6,-3.29,-4.83
194105,1.56,-1.12,-1.07,1.56,1.31,2.62,0.3,1.86,2.46,1.27
194106,5.37,6.65,6.9,7.14,5.2,4,6.43,4.76,5.46,4.05
194107,9.5,6.92,4.42,2.71,3.32,7.27,9.69,9.39,9.56,8.24
194108,-2.07,0.72,0.25,-0.58,1.1,-0.07,-0.29,-1.32,-1.31,-0.46
194109,1.74,0.28,-0.9,-0.82,-0.98,-0.19,-2.52,-1.83,-3.59,-0.57
194110,-10.88,-7.94,-5.59,-6.04,-5.9,-7.05,-3.96,-2.25,-0.44,-0.11
194111,-9.02,-0.9,-3.54,-2.99,-3.55,-3.24,0.56,2.37,0.06,0.02
194112,-10.23,-5.07,-6.45,-0.7,-5.19,-1.56,-1.8,-6.38,-8,-8.05
194201,10.55,5.83,3.65,4.92,-3.09,2.88,-3.61,-0.38,2.93,0.22
194202,-0.66,-0.25,-2.94,-0.16,-3.06,-3.96,-4.12,-2.76,-3.48,-2.96
194203,-11.44,-5.32,-5.58,-7.82,-6.64,-7.77,-5.61,-6.01,-7.52,-6.22
194204,0.74,-4.64,-3.99,-3.92,-6.57,-3.88,-5.31,-6,-4.94,-2.18
194205,9.49,10.7,6.3,6.56,4.21,7.12,5.33,0.6,3.81,1.11
194206,2.55,5.02,1.47,3.53,3.2,1.97,4.67,1.61,1.66,1.51
194207,2.88,0.54,3.97,2.55,3.2,4.93,5.12,2.18,3.91,8.19
194208,2.03,1.09,3.34,1.58,1.35,1.89,1.65,2.02,2.75,1.47
194209,5.18,2.72,3.27,1.53,2.12,3.15,2.66,2.58,2.99,5.21
194210,14.09,10.93,7.4,6.52,6.56,5.64,5.9,6.66,7.87,7.37
194211,-1.47,0.46,2.66,-0.15,-1.01,-1.42,0.7,-0.92,-1.13,-1.55
194212,2.88,3.5,2.34,4.7,7.76,5.46,7.5,8.04,5.51,6.39
194301,10.94,7.68,7.5,4.82,8.5,7.64,7.19,6.15,8.37,8.85
194302,15.3,4.29,5.53,6.12,6.18,3.76,5.89,5.06,8.49,9.31
194303,9.12,6.74,2.69,6.55,3.97,5.84,5.32,9.31,9.84,12.54
194304,-2.73,-1.7,1.24,-0.01,0.4,-0.94,0.97,2.45,4.37,12.62
194305,3.96,5.02,4.87,5.8,5.08,6.46,6.59,6.53,7.55,15.53
194306,2.02,0.72,2.96,3.69,1.73,2.93,1.47,3.61,0.96,-3.59
194307,-1.83,-4.93,-4.46,-4.03,-5.5,-6.26,-5.6,-4.62,-7.83,-13.37
194308,0.58,0.61,0.88,1.79,3.16,1.75,2.68,0.32,2.28,-0.7
194309,1,2.07,2.14,2.99,2.87,2.35,2.95,1.79,3.39,6.02
194310,-0.01,-1.05,-0.8,-1.3,-1.21,-1.57,-2.32,-0.36,-1.76,-0.23
194311,-7.61,-5.31,-3.61,-5.26,-6.4,-6.65,-3.8,-8.87,-11.08,-14.24
194312,3.82,6.18,4.6,7.21,8.01,6.96,9.38,12.17,12.49,15.56
194401,0.86,2.4,1.15,3.84,1.38,1.64,1.95,4.72,1.25,3.12
194402,0.93,-0.65,-0.41,1.87,0.37,1.33,0.49,0.24,0.15,0.22
194403,0.9,2.14,1.83,2.23,1.7,3.33,3.76,2.69,6.68,7.72
194404,-3.9,-1.84,-1.65,-2.27,-1.45,-1.59,-1.03,-1.05,-1.8,-2.35
194405,3.36,3.52,4.03,6.11,3.67,6.01,5.87,6.86,6.59,5.92
194406,14.52,10.77,5.67,5.08,5.69,4.18,4.94,5.5,5.54,2.51
194407,-2.4,-1.18,-1.44,-1.92,-1.36,-0.22,-2.89,-1.09,-1.11,-2.57
194408,-0.43,0.66,0.85,2.58,1.11,1.84,2.99,3.74,5.95,7.07
194409,-0.26,0.03,0.75,-0.38,0.62,-0.3,-1.71,-0.64,-0.58,-1.99
194410,1.82,0.41,0.87,-0.16,0.17,-1.13,-1.03,-0.75,-1.72,-2.77
194411,1.76,1.34,1.03,2.32,1.44,2.09,2.04,2.89,2.42,3.56
194412,3.85,1.68,4.62,3.46,3.75,6.08,9.14,8.74,9.39,9.78
194501,3.2,0.68,2.86,2.13,2.31,0.89,2.78,1.39,3.37,3.51
194502,6.25,5.17,4.83,5.51,6.56,8.07,7.28,9.45,7.51,10.95
194503,-2.09,-3.78,-3.55,-4.11,-4.47,-4.34,-5.6,-5.87,-6.49,-5.63
194504,4.65,7.21,8.05,7.57,9.21,10.72,9.3,8.73,12.31,14.9
194505,2.49,1.43,2.11,1.15,0.54,1.93,1.63,2.12,3.18,1.82
194506,0.38,-0.97,-0.41,-0.34,-1.39,0.57,1.86,3.03,6.61,7.97
194507,-2.49,-0.53,-3.09,-0.98,-2.14,-1.92,-2.04,-2.87,-5.56,-8.3
194508,7.76,5.65,5.87,7.43,7.04,7.4,5.81,5.19,4.27,2.97
194509,6.21,5.21,2.42,4.49,4.89,5.25,5.77,6.13,8.05,8.07
194510,5.2,3.17,3.17,4.27,2.5,6.35,2.96,3.91,3.56,9.2
194511,4.51,4.33,1.91,6.55,4.22,7.38,7.8,11.19,11.91,8.82
194512,0.39,1.3,0.68,0.36,1.34,1.26,1.08,2.55,3.02,5.81
194601,4.8,4.1,5.24,6.81,11.64,6.52,8.76,9.69,5.25,11
194602,-4.37,-5.65,-6.03,-5.21,-5.72,-5.4,-8.09,-6.78,-7.61,-6.65
194603,8.11,2.99,6.56,5.4,6.18,5.57,7.83,8.99,7.31,8.34
194604,4.69,3.95,3.39,2.97,4.52,5,4.58,6.91,4.88,4.78
194605,5,3.88,2.86,4.81,4.36,3.76,4.88,2.68,5.43,3.13
194606,-4.41,-1.52,-1.78,-4.09,-5.35,-4.63,-5.76,-5.28,-6.24,-4.37
194607,-3.9,-1.8,-2.79,-2.1,-2.92,-3.42,-2.91,-3.43,-3.2,-2.6
194608,-7.81,-6.67,-7.1,-5.37,-5.27,-5.63,-7,-7.88,-5.86,-6.63
194609,-14.45,-11.48,-7.63,-9.55,-8.13,-9.99,-8.81,-9.91,-10.59,-14.15
194610,-2.72,-2.94,-1.43,-1.71,-1.93,-0.14,-0.5,-0.4,-1.28,-1.59
194611,-3.9,-2.06,1.63,-1.59,0.77,2.33,1.65,-0.66,-1.51,0.16
194612,3.71,3.49,6.22,3.73,5.78,4.63,5.12,3.7,4.53,7.43
194701,5.9,4.49,8.81,4.6,1.99,2.02,1.21,-0.65,-2.47,-2.96
194702,0.05,-2.29,0.75,-1.65,-0.33,-1.68,0.18,-0.83,-2.34,-2.41
194703,-6.95,-4.51,-3.4,-2.83,-1.22,-1.47,-1.68,-0.64,-0.3,-0.16
194704,-11.46,-8.94,-8.2,-6.81,-4.4,-4.36,-3.41,-2.7,-5.39,-4.38
194705,-6.98,-3.07,-3.7,-1.51,0.52,-0.18,-1.13,-0.34,-0.76,-0.44
194706,7.5,4.76,5.33,7.69,4.48,6.25,6.32,5.58,4.33,5.23
194707,9.17,9.61,5.93,6.95,6.59,4.36,5.67,3.68,2.11,3.79
194708,-5.52,-4.2,-3.15,-2.09,-3.26,-2.59,-0.82,-0.41,-1.07,-2.44
194709,3.79,-0.85,-0.55,-0.54,0.11,-0.05,-0.14,-1.71,-0.58,-0.07
194710,-0.2,1.97,2.78,1.32,0.97,3.27,2.32,3.69,2.81,4.5
194711,-5.81,-4.18,-4.99,-3.88,-1.58,-2.64,-0.13,-0.24,-1.52,-0.41
194712,-0.38,0.42,1.3,2.93,1.66,2.77,4.61,4.05,3.52,5.28
194801,-0.15,-0.22,-1.7,-1.72,-2.27,-4.55,-4.77,-4.18,-6.32,-4.71
194802,-8.07,-6.36,-5.66,-4.77,-2.9,-4.43,-5.29,-3.6,-4.25,-3.66
194803,15.62,11.33,7.2,11.14,7.13,5.28,6.89,9.15,8.17,13.18
194804,0.15,1.08,2.38,1.96,2.84,1.33,3.51,5.05,7.03,7.04
194805,7.27,6.61,4.22,9.5,7.75,8.06,5.58,7.53,10.07,7.66
194806,-5.25,-1.82,-0.36,-0.77,-1.31,1.56,0.5,0.86,0.1,3.49
194807,-3.3,-3.97,-3.67,-4.18,-5.8,-5.43,-5.79,-4.87,-6.06,-6.09
194808,1.13,0.94,0.69,-0.44,0.6,1.26,-0.17,-0.17,0.75,-0.1
194809,-6.35,-3.23,-1.27,-1.76,-1.7,-2.92,-3.07,-3.35,-3.97,-5.97
194810,4.02,4.96,5.22,4.03,3.54,5.55,8.21,7.39,7.01,7.16
194811,-15.86,-8.75,-11.27,-7.46,-7.72,-8.24,-8.06,-11.04,-9.91,-11.67
194812,-0.61,0.54,0.13,5.17,2.35,2.79,2.12,4.26,4.39,5.5
194901,5.91,3.63,0.71,2.17,1.57,-0.27,1.42,-0.69,-1.51,-1.69
194902,-5.28,-3.01,-3.51,-1.5,-1.59,-3.33,-1.64,-2.56,-3.97,-4.2
194903,9.05,5.38,5.08,4.47,2.75,3.15,4.36,4.16,3.81,6.84
194904,-4.73,-5.44,-3.85,-3.51,-1.8,-0.64,-2.39,-1.31,-1.6,-0.43
194905,-6.8,-4.86,-4.21,-3.96,-3.76,-3.56,-1.87,-3.18,-1.21,-2.21
194906,1.3,-0.37,1.45,1.81,0.26,-1.11,-0.23,1.07,-0.37,-0.47
194907,7.1,7,6.96,6.64,6.65,5.04,6.47,5.39,4.02,4.8
194908,2.44,3.3,0.95,3.24,3.45,2.89,1.69,2.5,3.8,2.56
194909,6.05,5.92,5.13,2.96,2.74,3.33,2.03,2.72,2.65,4.69
194910,3.96,2.78,3.02,3.07,4.07,2.61,3.01,3.07,2.16,5.18
194911,-0.83,0.59,2.68,-1.18,0.65,2.01,2.81,2.24,2.83,3.67
194912,10.6,5.62,6.88,4.51,3.16,4.05,5.44,6.8,4.7,6.44
195001,5.79,4.75,2.72,2.04,0.95,0.79,0.42,1.98,1.42,2.85
195002,-0.49,0.53,0.23,0.74,1.09,1.75,1.6,2.78,2.83,2.08
195003,-2.57,2.24,1.72,1.73,0.55,0.81,0.61,2.91,-0.01,1.86
195004,4.76,4.54,2.45,2.71,4.26,2.75,3.04,3.91,8.74,3.19
195005,3.13,4.35,5.01,3.25,4.42,4.1,3.75,4.33,6.1,3.55
195006,-5.93,-4.98,-5.18,-5.11,-4.86,-7.7,-6.46,-6.56,-5.45,-7.38
195007,2.99,6.75,-0.95,2.41,4.09,3.74,1.9,0.93,-0.67,-0.28
195008,3.37,1.66,3.76,3.61,3.46,4.44,5.24,5.39,7.91,7.95
195009,6.29,5.31,4.67,5.75,4.22,3.5,4.63,5.09,6.01,3.87
195010,-1.03,-2.34,0.6,-0.23,-0.05,-0.42,0.22,0.6,0.5,1.71
195011,-1.57,-0.19,0.24,4.27,3.92,7.61,1.93,4.25,6.11,1.47
195012,1.75,2.41,3.29,6.05,7.51,5.59,7.19,8.47,4.5,9.57
195101,5.74,5.22,3.89,2.57,7.35,3.36,6.78,5.78,7.76,6.37
195102,2.04,2.17,3.27,1.45,2.34,2,1.63,0.91,-0.08,-0.67
195103,-0.12,-2,-1.37,-0.07,-2.36,-3.37,-0.87,-3.01,-3.34,-4.66
195104,0.57,0.57,2,2.38,3.53,7.39,6.12,8.85,8.39,7.8
195105,-1.3,-0.89,-0.36,-2.54,-2.33,-2.46,-3.76,-1.83,-2.49,-3.73
195106,-2.02,-0.84,-1.6,-3.17,-2.01,-4.32,-2.12,-3.88,-0.52,-3.99
195107,3.65,3.87,4.6,5.69,4.14,6.48,9.29,10.81,12.08,11.91
195108,4.18,4.88,2.79,4.65,3.47,6.56,4.02,5.6,4.63,2.04
195109,0.11,0.67,0.04,2.15,1.68,1.17,2.01,2.12,-0.11,-0.94
195110,-2.33,-2.07,-1.62,-1.65,-1.54,-3.69,-5.29,-4.22,-2.04,0.58
195111,0.44,1.09,0.44,1.24,0.91,0.17,1.09,0.67,0.16,0.88
195112,1.78,1.33,2.62,0.99,4.79,2.6,4.02,4.66,3.77,5.11
195201,1.42,1.12,1.87,-0.86,0.1,2.49,0.2,2.28,3.08,3.96
195202,-3.44,-3.07,-2.52,-1.51,-2.43,-0.97,-1.84,-1.99,-3.17,-4.02
195203,3.07,3.77,3.48,3.6,1.92,5.94,2.89,3.82,5.3,7.36
195204,-6.14,-3.75,-3.56,-5.11,-2.18,-3.83,-3.16,-4.04,-7.18,-7.65
195205,2.53,4.69,2.72,2.76,1.98,3.99,3.39,3.49,3.01,3.79
195206,2.44,2.77,3.2,4.15,3.64,2.39,4.56,3.93,4.8,4.78
195207,2.12,2.41,0.83,1.07,1.32,1.67,1.11,0.96,1.07,-0.41
195208,-0.81,-0.64,-0.76,-0.4,-0.38,-0.82,-0.11,-0.21,-1.63,0.4
195209,-4.05,-3.45,-2.84,-2.17,-1.47,-1.97,-1.4,-1.19,-1.97,-0.92
195210,-2.18,-2.77,-1.78,-1.56,-1.26,-0.12,-0.02,0.02,0.05,0.29
195211,8.14,6.11,5.41,5.6,6.72,5.61,4.65,6.31,6.79,7.35
195212,0.61,2.34,2.29,1.58,2.92,2.71,2.9,3.75,2.46,5.04
195301,-0.81,-0.31,-1.05,-0.51,-1.79,1.57,0.44,0.23,-0.66,-0.39
195302,0.21,0.14,-0.43,-0.57,0.34,0.09,-0.8,0.46,0.25,-0.62
195303,-1.55,-1.5,-1.04,-0.84,-0.11,-1.31,-1.02,-1.48,-0.4,-3.84
195304,-5.87,-4.43,-3.87,-2.91,-1.76,-1.75,-2.72,-1.23,-1.8,-1.85
195305,-1.55,1.56,0.83,0.55,-0.31,0.39,0.75,1.18,0.56,2.04
195306,-3.03,-0.32,-1.43,-2.27,-1.91,-2,-0.79,-2.81,-1.77,-2.37
195307,1.74,3.32,3.08,2.64,1.74,3,2.2,2.37,2.7,2.18
195308,-6.52,-5.61,-5.09,-5.8,-3.04,-4.43,-3.13,-4.5,-2.72,-5.76
195309,-2.66,-1.44,-0.42,-0.87,0.09,0.7,0.4,1.35,2.58,1.32
195310,2.09,5.16,5.4,3.9,6.1,4.58,4.3,3.83,5.22,3.69
195311,1.94,1.08,1.4,2.25,2.6,2.92,2.92,3.68,3.76,4.7
195312,-5.06,-3.04,-2.45,-1.4,0.37,-0.02,1.37,1.66,0.99,1.19
195401,7.34,10.73,9.13,6.17,6.6,6.17,2.55,3.79,3.55,4.85
195402,0.92,0.76,1.43,0.57,1.26,1.09,2.49,1.22,2.06,3.49
195403,3.28,3.36,2.08,1.52,3.09,3.03,2.51,3.08,5.53,7.22
195404,-6.54,-1.22,1.48,2.68,2.18,4.53,3.82,6.21,4.22,8.13
195405,10.4,3.64,6.16,4.58,3.51,3.07,4.21,3.84,1.78,0.96
195406,-1.37,-2.78,-1.3,-0.42,1.13,1.56,0.92,-0.63,-0.59,4.85
195407,6.11,4.99,4.47,7.5,4.39,4.53,8.2,4.39,5.07,2.84
195408,-0.72,-2.36,-1.86,-2.17,-1.28,-0.02,-2.55,-3,-2.89,-4.18
195409,5.07,5.19,6.39,3.75,3.31,6.93,5.62,9.41,6.62,7.14
195410,-2.69,-0.95,-1.42,-2.11,-3.44,-1.44,-2.38,-1.09,0.19,-0.34
195411,9.01,8.02,5.88,8.89,6.78,10.12,10.54,11.54,10.09,10.75
195412,11.13,7.2,3.33,5.61,4.51,6.44,5.08,6.16,5.31,6.52
195501,-0.63,0.16,0.47,1,-0.83,-1.31,1.83,0.08,3.12,4.16
195502,2.36,4.14,2.47,2.73,2.64,3.51,2.07,3.2,4.02,3.7
195503,-0.01,-0.73,0.01,-0.75,0.41,0.39,-1.23,-0.34,3.18,1.76
195504,2.38,2.59,1.8,2.7,2.77,3.16,5.22,2.21,1.94,2.82
195505,-0.7,1.4,-0.06,1.28,0.72,1.72,2.24,2.78,-0.16,1.96
195506,5.63,2.9,3.06,7.68,8.54,4.91,7.83,10.47,9.32,8.21
195507,0.48,0.51,1.95,0.98,0.6,3.12,9.52,-1.78,-0.38,-0.38
195508,0.14,-1.16,0.34,0.25,2.05,1.29,-1.34,-0.83,1.51,3.83
195509,-2.37,-2.04,-0.28,-1.32,-2.65,-0.9,-0.86,-0.64,-1.23,5.48
195510,-2.43,-1.13,-1.9,-1.75,-3.48,-1.04,-1.19,-4.02,-2.35,-5.26
195511,6.48,5.52,3.47,4.26,9.6,5.69,7.5,9.02,8.37,9.02
195512,2.16,2.54,4.08,0.08,2.57,0.78,2.43,2.91,0.85,-1.01
195601,-2.58,-2.51,-0.08,0.32,-0.92,-2.36,-3.91,-2.89,-3.43,-5.94
195602,3.69,2.25,2.4,2.69,2.42,4.57,5.01,4.59,3.95,5.37
195603,1.01,6.32,4.27,4.69,4.66,6.81,7.12,8.54,8.65,6.65
195604,-1.53,-1.74,-0.97,0.31,-0.73,-0.9,0.09,-0.14,1.53,1.92
195605,-6.26,-3.01,-2.03,-2.31,-2.85,-4.33,-5,-5.99,-6.37,-5.53
195606,1.26,1.75,2.98,1.5,1.83,1.86,4.04,5.36,6.37,3.36
195607,2.64,3.26,3.23,4.42,5.47,4.76,5.49,4.58,5.74,8.06
195608,-1.08,-2.03,-3.23,-1.99,-0.77,-1.72,-2.04,-5.1,-3.85,-4.63
195609,-2.4,-4.78,-4.81,-4.36,-3.31,-2.32,-5.3,-6.37,-6.29,-6.79
195610,-0.36,0.34,0.44,0.6,-0.9,1.21,1.44,1.51,1.73,1.18
195611,-1.75,-3.42,-0.34,0.48,0.63,-1.3,0.22,3.19,1.29,3.09
195612,1.56,3.08,1.9,2.65,2.48,2.99,3.46,4.27,2.96,7.38
195701,-0.91,-2.95,-0.69,-1.98,-2.34,-3.73,-2.46,-3.17,-6.3,-5.65
195702,-3.83,-2.95,-1.28,-0.19,-0.42,-1.79,-1.27,-2.8,-4.06,-0.84
195703,3.59,1.34,1.8,2.93,3.47,2.68,2.31,1.91,1.79,3.94
195704,3.83,3.55,4.96,5.98,4.71,1.95,3.29,4.29,4.27,7.07
195705,3,4.32,2.59,3.27,5.24,2.86,1.51,5.01,3.34,5.6
195706,-0.03,-0.71,-0.82,-2.22,-0.99,-0.78,-0.59,1.07,-2.9,2.49
195707,-1.87,-0.81,2.16,3.44,-0.12,0.46,1.15,1.45,0.5,-1.14
195708,-8.79,-5.23,-5.6,-3.4,-5,-1.44,-4.96,-5.45,-5.75,-6.83
195709,-7.85,-5.63,-5.19,-5.26,-5.04,-4.33,-4.72,-6.49,-6.9,-5.89
195710,-7.94,-6.52,-5.65,-3.79,-2.88,-4.84,-3.6,-4.78,-3.26,-3.09
195711,5.25,1.85,3.55,-2.26,1.65,2.35,4.61,1.16,4.7,6.62
195712,-11.63,-9.42,-8.63,-6.58,-4.27,-3.84,-1.71,-0.78,-1.35,-2.52
195801,14.03,8.79,9.17,5,6.44,4.24,4.65,3.46,3.29,2.23
195802,-4.76,-3.26,-2.58,-3.03,-0.18,-2.45,-1.45,-1.33,-0.22,0.23
195803,5.11,7.66,5.27,1.05,3.78,2.95,2.05,2.36,2.42,4.92
195804,2.42,0.24,2.39,1.91,5.48,5.18,2.4,2.37,2.69,3.51
195805,3.34,4.09,4.23,3.89,0.08,1.99,2.22,3.44,1.72,1.35
195806,4.46,4.81,2.5,4.24,2.89,2.59,1.63,2.76,2.61,3.36
195807,12.3,9.4,0.52,6.63,6.31,6.95,1.96,2.68,1.92,1.7
195808,2.75,2.78,2.45,1.44,2.13,2.32,2.48,1.27,-0.02,2.42
195809,7.43,4.89,4.99,4.99,4.6,4.26,5.41,2.32,5.56,5.62
195810,4.09,-0.12,2.32,1.2,3.53,2.94,3.38,5.33,4.33,6.14
195811,0.35,2.93,2.45,3.64,2.17,4.04,3.16,2.97,5.13,6.88
195812,5.41,3.21,8.24,4.43,5.31,5.43,5.35,3.93,6.37,5.28
195901,0.4,0.89,1.62,2.39,0.87,-0.22,0.97,1.75,0.89,0.47
195902,0.34,-1.2,-1.06,1.96,2.37,1.94,-1.68,3.54,3.19,4.2
195903,0.29,1.19,0.78,1.65,-0.07,-0.51,1.2,-0.68,0.35,3.91
195904,0.93,2.79,3.59,1.99,3.97,5.12,5.04,5.3,5.28,8.75
195905,0.58,-0.69,2.67,3.06,1.69,-0.01,4.47,7.59,0.93,0.07
195906,-1.28,-2.44,0.02,0.95,-0.09,-0.78,-0.55,1.68,0.81,5.79
195907,4.27,3.54,3.26,3.72,3.61,5.13,3.79,3.31,1.79,-0.32
195908,-3.15,-2.44,-0.48,1.62,-0.7,-0.6,-0.43,-3.14,-1.05,-2.39
195909,-6.49,-6.72,-3.39,-3.82,-4.68,-3.26,-4.79,-4.05,-3.99,-5.18
195910,0.47,-0.55,1.65,2.28,1.07,-0.15,0.59,4.07,1.05,8.72
195911,-0.08,-0.16,1.52,0.65,1.32,1.52,3.28,0.28,4.67,6.32
195912,1.78,4.42,1.74,1.08,3.91,2.73,3.91,3.72,1.86,1.08
196001,-5.37,-6.05,-3.93,-6.64,-3.09,-7.73,-9.48,-8.68,-6.35,-7.86
196002,-1.9,-2.99,-1.62,1.15,-0.18,4.73,-0.12,3.46,0.97,6.49
196003,-4.95,-1.51,-0.43,-2.55,-2.88,0.22,-1.51,-1.57,0.55,-1.31
196004,-3.67,-3.04,-2.16,-2.68,-1.09,-1,-3.46,-0.34,-1,1.35
196005,1.56,-0.04,-0.64,2.49,1.41,1.88,3.22,2.59,7.93,8.78
196006,-1.11,3.74,1.45,1.12,2.53,2.25,2.98,2.1,3.22,3.11
196007,-2.84,-0.58,-0.69,-2.2,-2.03,-3.87,-2.71,-2.97,-1.34,-3.52
196008,4.54,0.75,2.42,3.52,2.15,2.21,3.82,3.46,4.43,2.99
196009,-6.48,-6.37,-3.52,-5.65,-5.78,-6.1,-5.31,-7.52,-5.43,-7.78
196010,-2.62,-0.9,-1.2,-0.69,0.22,-0.92,1.54,0.96,-0.33,-1.16
196011,2.3,3.52,3.29,1.46,5.17,4.43,5.7,5.56,4.92,9.37
196012,7.58,2.9,3.69,2.12,4.9,3.37,3.97,5.5,6.11,8
196101,8.57,9.4,5.74,8.34,7.8,6.54,6.19,4.1,6.23,4.56
196102,7.81,4.05,3.92,1.13,5.14,3.64,3.94,3.02,3.8,4.91
196103,4.76,1.42,1,1.65,1.86,2.69,2.47,1.69,5.93,4.51
196104,-6.32,-0.18,-2.41,-0.63,-0.13,0.66,4.04,1.81,0.73,0.57
196105,7.43,3.82,1.44,2.92,4.13,2.87,1.88,1.19,3.27,1.36
196106,-4.45,-3.56,-1.33,-3.76,-2.28,-2.33,-3.08,-3.18,-2.7,-2.09
196107,1.4,2.07,3.34,3.42,3.2,2.88,2.73,4.33,2.53,1.85
196108,2.4,2.5,0.81,1.16,2.66,3.73,2.42,2.58,5,6.55
196109,-0.72,-4.54,-1.02,-3.36,-2.35,-0.79,-1.84,-1.61,-2.58,-2.48
196110,1.16,-0.56,2.76,1.53,2.81,2.96,2.12,4.81,4.19,3.64
196111,4.88,3.08,3.81,3.98,5.19,4.18,6.38,4.07,3.06,8.11
196112,3.17,0.64,-0.78,1.83,2.42,1.71,0.65,-3.13,-1.01,-4.35
196201,-3.93,-2.67,-3.62,-2.22,0.38,-4.45,-2.81,-3.51,-5.76,-6.3
196202,-0.7,0.78,1.49,1.6,3.95,3.58,3.83,0.23,0.55,1.84
196203,-0.85,-2.33,-0.67,-0.49,-0.05,0.05,-0.83,0,0.86,-2.27
196204,-8.52,-9.35,-8.35,-6.03,-6.06,-4.72,-7.34,-5.21,-5.36,-4.3
196205,-11.2,-8.42,-8.51,-7.74,-8.85,-7.26,-10.04,-7.63,-7.45,-10.87
196206,-13.96,-12.78,-12.17,-10.14,-10.18,-7.77,-7.92,-7.22,-5.62,-5.64
196207,8.96,4.63,3.24,8.43,5.93,7.17,5.01,7.49,6.35,6.24
196208,5.49,1.46,2.15,0.76,0.9,1.29,3.34,3.82,2.47,2.6
196209,-8,-7.23,-6.69,-8.34,-5.04,-4.61,-4.92,-3.99,-3.06,-1.99
196210,-1.43,0.71,-0.66,-0.85,0.43,1.97,1.34,-1.25,1.23,-0.25
196211,17.7,16.48,15.29,12.7,12.22,10.5,8.7,9.06,10.41,8.25
196212,-1.69,-2.56,-1.03,-0.12,-1.39,0.76,2.53,2.4,2.12,4.62
196301,4.84,7.94,6.79,6.33,4.04,5.5,4.88,5.05,5.22,3.11
196302,-3.76,-2.21,-3.77,-2.98,-3.05,-2.81,-1.09,-1.42,-2.37,-1.58
196303,2,2.15,3.97,2.52,2.34,2.24,2.89,3.16,4.41,5.39
196304,3.61,7.72,4.19,4.95,4.4,4.05,5.04,4.58,4.21,5.05
196305,3.16,2.22,2.78,1.49,0.95,1.9,1.34,3.37,1.61,3.13
196306,-1.74,-2.83,-3.09,-1.2,-1.92,-3.71,-2.35,-0.29,-0.67,-2.12
196307,-2.77,-1.1,-1.05,-0.46,-1.03,1.64,-0.81,0.51,-0.55,0.43
196308,6,4.63,5.77,4.59,5.86,5.09,5.18,4.21,6.26,9.23
196309,-3.14,-2.85,-1.34,1.56,-1.79,-1.75,-0.4,-2.89,-2.66,-1.98
196310,1.89,1.67,0.06,1.83,2.73,2.88,0.99,0.89,8.25,5.28
196311,0.07,-1.44,-0.5,1.91,-1.1,-1,0.48,-4.16,-1.04,-0.08
196312,-2.46,-1,1.99,2.09,2.15,2.55,2.51,3.4,2.91,0.73
196401,0.98,1.15,-0.11,1.73,2.73,2.2,4.13,4.02,1.86,1.95
196402,1.77,2.67,1.13,1.49,1.99,1.78,2.15,1.28,1.74,3.54
196403,0.54,1.89,2.22,1.68,0.73,1.47,2.47,1.03,2.16,3.58
196404,-0.57,2.03,0.55,-0.42,1.2,1.66,0.22,0.94,-0.4,-0.51
196405,0.26,-0.41,0.71,0.44,1.92,0.37,1.16,3.15,2.11,3.97
196406,1.12,1.71,1.05,1.47,1.93,2.59,0.08,2.51,0.19,0.89
196407,1.89,1.9,3.39,3.05,3.46,2.51,0.1,3.06,2.06,0.72
196408,-1.35,0.64,-1.25,-0.09,-1.32,-1.91,-1.51,-1.06,-1.75,-0.91
196409,5.77,3.01,3.81,2.99,2.61,2.29,1.81,3.75,2.24,6.4
196410,1.54,1.79,1.19,0.71,0.65,-0.27,1.85,0.7,1.01,0.04
196411,-3.05,0.33,0.83,-0.19,-0.39,-0.98,1.94,1.72,-0.21,0.01
196412,-0.24,-0.24,2.34,-0.07,-0.52,0.98,-0.03,0.7,-1.21,-0.8
196501,7.81,1.71,5.98,4.61,4.98,5.05,2.95,2.8,2.04,4.53
196502,2.48,1.63,1.36,1.08,0.36,-0.84,-0.38,0.93,0.02,2.82
196503,-1.13,-1.1,-0.12,-1.35,-0.75,-1.41,-2.06,-0.49,-0.58,0.26
196504,2.72,3.04,1.73,3.04,2.23,1.74,3.05,5.74,5.93,5.07
196505,-1.22,0.53,-1.2,0.08,0.7,-0.79,-2.21,1.03,-0.8,-0.62
196506,-3.42,-4.18,-3.28,-4.53,-5.37,-4.5,-6.23,-7.5,-7.94,-9.39
196507,0.95,0.1,0.33,2.61,1.33,0.15,2.91,3.1,6.26,7.48
196508,4.66,0.93,2.82,2.64,2.36,2.15,1.98,3.31,6.77,7.66
196509,1.91,2.66,1.71,1.32,4.9,1.32,3.16,5.81,5.3,5.35
196510,3.91,2.59,0.26,4.12,1.46,1.65,2.76,5.16,4.14,7.89
196511,-1.4,0.77,-0.85,-2.1,-2.38,0.67,2.59,1.23,1.57,8.47
196512,3.27,1.36,0.73,1,0.23,1.57,1.02,0.83,1.38,4.06
196601,0.79,-1.12,-2.34,0.16,1.2,0.78,1.88,4.35,4.53,9.09
196602,-2.54,-2.38,-2.07,-2.01,-0.74,-2.18,-0.59,-0.13,1.54,8.24
196603,-3.81,-1.86,-2.56,-4.19,-0.91,-1.35,-1.77,-1.01,-1.07,1.05
196604,1.87,0.29,0.81,0.67,3.31,4.33,3.56,5.05,6.08,5.12
196605,-3.34,-4,-4.75,-4.07,-4.42,-4.66,-7.96,-6.31,-7.02,-11.04
196606,-1.51,-1.92,-2.25,-2.53,-1.46,-2.01,-0.54,1.47,0.54,3.6
196607,-1.77,0.46,-0.6,-0.81,-2.65,-3.09,-0.04,-3.12,-0.38,-2.15
196608,-5.03,-7.13,-7.54,-6.91,-8.23,-7.51,-7.33,-8.95,-9.62,-9.06
196609,-3.96,-0.13,2.67,0.49,-0.81,2.33,-1.7,-1.33,-2.25,-4.92
196610,2.33,8.12,7.19,6.86,6.37,4.87,5.26,0.35,1.06,-5.74
196611,-0.86,-1.87,-1.02,-2.52,1.6,7.3,1.92,3.25,7.3,12.11
196612,2.51,-0.25,-0.11,0.57,-1.32,0.59,1.41,0.57,0.05,1.41
196701,14.3,15.13,14.19,9.43,6.43,5.94,6.29,7.25,6.94,8.28
196702,0.29,-1.81,-1.11,0.12,0.26,1.35,1.09,0,1.99,5.26
196703,2.78,3.67,4.78,4.62,4.96,3.97,5.25,3.59,4.12,6.4
196704,6.8,6.67,5.44,3.86,3.25,2.42,0.52,3.68,5.3,6.42
196705,-7,-2.44,-5.06,-3.11,-1.85,-3.46,-5.1,-3.58,-3.78,-3.14
196706,2.59,0.21,1.7,1.8,-0.47,2.49,1.94,3.61,6.16,8.35
196707,9.95,5.73,6.21,1.25,3.2,4.7,5.88,5.73,4.69,7.29
196708,-0.58,-0.8,-0.39,-0.32,0.05,-0.48,0.14,-0.79,-1.13,-1.77
196709,4.37,2.19,2.45,3.11,2.04,3,2.51,5.26,5.35,4.5
196710,-4,-3.13,-4.52,-3.54,-5.56,-2.65,-2.29,2.6,-1.85,0.68
196711,1.37,0.63,-0.6,-0.59,-1.77,1.48,2.53,2.35,1.02,1.14
196712,2.37,3.86,2.2,4.05,2.5,3.28,2.61,2.15,5.52,9.07
196801,0.05,-1.94,-0.79,-4.78,-3.41,-4.77,-6.53,-6.11,-5.62,-7.12
196802,-3.59,-1.99,-2,-1.88,-2.2,-4.67,-1.97,-6.71,-3.35,-9.03
196803,-1.84,0.33,-1.01,-1.44,0.88,1.65,-0.68,4.94,1.31,2.74
196804,10.94,6.67,6.52,7.99,8.51,8.07,9.93,11.66,13.6,19.49
196805,1.58,0.75,1.44,0.32,4.07,3.03,0.22,5.19,4.05,10.22
196806,1.77,3.93,1.92,0.39,1.45,0.6,0.87,-0.23,-0.9,0.87
196807,-2.32,-1.68,-1.4,-3.12,1.75,-1.43,-4.99,-4.05,-3.44,-4.39
196808,0.86,1.65,1.46,0.57,2,1.86,2.88,1.25,3.84,4.71
196809,6.89,6.98,4.17,3.24,4.2,3.9,2.91,2.07,5.78,10.02
196810,1.89,1.22,3.01,2.07,1.07,-0.2,-0.91,-0.32,2.89,-1.6
196811,8.55,7.05,2.91,5.29,6.53,4.27,4.3,7.72,7.83,9.98
196812,-4.94,-4.14,-3.28,-4.41,-2.25,-3.49,-2.46,-3.4,-3.49,-2.86
196901,-2.82,1.38,-1.91,0.19,0.07,-1.36,-0.14,-1.7,-0.48,-2.03
196902,-7.82,-5.14,-2.28,-6.25,-4.76,-5.79,-7.33,-7.46,-6.56,-9.67
196903,-1.14,3.75,1.13,3.02,3.48,4.52,4.74,4.58,3.96,5.77
196904,0.42,3.55,1.82,2.58,-0.07,1.33,2.45,2.25,2.41,3.24
196905,-2.76,-0.61,-0.35,0.17,1.34,0.2,1.17,0.95,-0.34,2.6
196906,-11.87,-6.96,-0.69,-6.49,-5.24,-7.48,-6.38,-6.3,-8.92,-11.55
196907,-12.23,-11.62,-5.21,-4.47,-5.18,-4.66,-7.06,-5.23,-7.86,-6.92
196908,6.39,4.41,3.44,3.33,3.56,5.55,3.9,3.54,7.24,10.47
196909,-4.43,-2.92,-4.35,-2.94,-4.13,-4.11,-1.43,-0.93,-1.92,-2.84
196910,10.7,9.29,9.44,3.83,4.37,6.19,6.25,3.2,4.74,6.67
196911,-6.86,-5.98,-4.68,-4.88,-5.38,-4.15,-4.36,-2.57,-2.13,-0.39
196912,-8.09,-6.33,-5.18,-3.78,-3.25,-3.33,-1.78,-3.19,0.85,1.27
197001,-6.62,-7.66,-9.34,-12.14,-7.1,-9.01,-6.38,-7.23,-6.01,-7.05
197002,3.74,4.47,6.55,6.78,7.06,5.45,5.74,7.99,7.28,3.19
197003,-3.85,-2.6,-0.49,0.24,1.84,2.04,3.19,1.16,-1.73,-2.98
197004,-17.45,-12.98,-8.37,-12.48,-9.89,-9.57,-8.55,-10.12,-10.09,-11.41
197005,-9.68,-4.97,-0.92,-0.74,-7.53,-8.54,-6.39,-6.65,-8.29,-6.29
197006,-11.57,-11.89,-6.34,-3.4,-5.2,-5.87,-6.39,-5.94,-5.17,-0.94
197007,5.22,12.14,10.74,10.53,9.26,10.79,5.44,7.62,5.89,4.43
197008,13.09,9.33,8.9,7.29,6.91,5.68,4.51,5.57,2.35,2.04
197009,22.72,12.55,7.53,8.19,6.78,5.35,1.91,2.63,1.28,4.11
197010,-14.53,-11.19,-4.29,-3.51,-1.12,-1.67,-0.43,-1.49,0.54,-1.28
197011,-1.16,5,2.96,3.93,5.05,5.29,4.35,5.99,5.89,5.57
197012,5.78,10.51,8.09,8.12,7.43,7.06,7.82,6.53,4.41,3.45
197101,13.36,11.74,10.72,7.65,3.63,6.48,5.13,4.08,4.11,2.05
197102,4.67,0.08,1.63,2.25,1.99,-0.6,1.72,1.33,1.45,3.99
197103,7.98,6.25,5.92,5.92,2.14,3.89,2.75,3.95,3.33,5.18
197104,3.57,2.62,4.45,0.3,3.51,3.79,4.17,5.25,5.29,4.97
197105,-5.78,-4.75,-1.85,-3.41,-5.21,-2.23,-3.16,-5.26,-2.81,-2.96
197106,-2.96,0.05,1.53,0,-0.05,-0.09,0.19,-0.36,2.5,2.65
197107,-4.97,-3.73,-1.41,-5.27,-3.11,-2.89,-3.41,-5.36,-8.09,-6.24
197108,2.37,1.01,3.86,2.66,2.82,7.34,5.6,4.84,5.48,8.81
197109,-3.68,-1.14,-1.13,-1.45,1.05,0.9,-0.43,-0.54,-0.57,0.49
197110,-9.19,-3.99,-2.71,-2.38,-3.51,-3.66,-4.37,-4.38,-6.02,-4.11
197111,-3.45,-1.51,0.3,0.37,-0.42,0.21,0.79,-0.56,0.18,0.97
197112,11.78,10.19,8.97,7.77,8.14,9.4,8.48,8.69,9.93,10.8
197201,6.22,-0.65,1.58,4.28,2.06,3.21,2.49,1.9,2.05,6.11
197202,4.83,4.49,-0.25,-0.14,1.67,1.96,4.92,3.31,5.05,5.67
197203,-1.62,-2.86,-0.53,-1.56,-0.86,2.74,1.19,0.51,3.37,1.31
197204,-2.24,1.02,-1.09,-0.8,-1.19,1.13,1.3,0.22,2.71,1.27
197205,-2.34,0.92,-1.44,1.72,-1.29,0.34,1.54,1.61,3.49,5.49
197206,-5.9,-4.06,-3.02,-2.34,-1.5,-2.34,-2.35,-2.81,-1.35,0.54
197207,-4.74,-2.68,-3.29,-1.13,0.66,-1.37,-1.3,1.22,1.95,-0.26
197208,4.38,9.24,7.51,6.47,5.41,7,2.41,1.11,2.06,-1.55
197209,-4.33,-3.13,-1.66,-1.04,1.66,-2.38,-2.43,-0.4,-0.14,0.51
197210,-3.38,0.18,1.22,-0.22,2.56,1.04,2.74,0.37,-0.07,1.74
197211,9.41,8.56,9.64,7.6,8.15,8.38,5.41,2.6,2.08,1.54
197212,-4.29,-3.11,-1.74,-1.21,-1.01,-0.56,1.47,1.88,2.08,5.35
197301,-10.88,-7.56,-6.33,-5.29,-5.31,-4.31,1.43,-0.98,-1.17,-2.88
197302,-9.28,-8.83,-8.71,-4.19,-4.14,-4.7,-3.09,-3.6,-2.52,-5.11
197303,-4.15,-3.22,-2.57,-3.82,-1.72,-1.25,-2.82,-0.52,-0.26,1.79
197304,-11.46,-13.04,-8.65,-8.48,-6.44,-4.58,-3.65,-3.31,-4.64,-3.08
197305,-12.89,-9.21,-8.44,-6.9,-4.87,-2.74,-2.08,-0.92,-1.3,-0.21
197306,-8.21,-5.71,-2.96,-1.35,-4.81,-3.35,-1.82,-0.14,0.04,0.73
197307,20.96,13.54,14.52,12.18,11.35,9.89,7.38,3.04,2.84,2.43
197308,-7.08,-5.51,-5.23,-4.17,-2.44,-3.14,-3.06,-2.13,-4.11,-2.87
197309,11,12.96,15.03,11.21,10.32,12.14,5.5,-1.17,3.77,5.27
197310,-5.67,-5.58,-3.87,-1.84,-2.92,-4.34,0.95,-0.04,-0.55,4.05
197311,-23.17,-22.41,-19.81,-17.94,-11.35,-13.71,-9.58,-10.9,-9.19,-9.27
197312,-5.95,-4.41,-5.77,-3.04,0.27,1.39,-1.35,1.38,3.05,7.76
197401,12.63,7.95,8.97,6.31,4.38,3.93,-0.43,0.06,-0.14,-6.04
197402,-2.33,-0.08,1.65,0.83,-0.62,-1.62,-0.85,0.07,0.43,1.74
197403,0.71,-1.97,-4.1,-1.28,-0.85,-0.56,-2.28,-2.54,-3.29,-4.64
197404,-10.34,-7.98,-4.42,-3.51,-3.8,-4.04,-4.88,-3.78,-4.73,-4.13
197405,-8.1,-5.11,-3.61,1.54,-1.8,-2.87,-3.61,-5.36,-5.62,-8.78
197406,-5.26,-6.17,-1.79,-2.58,-1.53,-1.09,-2.23,-2.08,-1.63,-1.41
197407,-10.78,-6.28,-10.45,-7.42,-7.92,-9.56,-7.78,-5.42,-4.83,-3.63
197408,-11.93,-9.16,-10.14,-8.16,-10.35,-9.52,-7.93,-7.33,-7.73,-8.84
197409,-14.08,-11.44,-13.33,-13.42,-13.02,-12.06,-11.28,-5.89,-9.4,-9.02
197410,14.55,19.99,19.26,20.52,13.39,9.72,17.51,19.75,14.32,20.4
197411,-2.96,-5.61,-4.31,-4.15,-5.29,-3.66,-4.43,-3.38,-1.17,-3.74
197412,-4.89,-6.83,-4.3,-3.38,-3.85,-1.37,-1.29,-1.9,1.01,-3.48
197501,30.93,23.8,19.94,13.18,13.6,13.37,7.02,9.54,13.1,11.46
197502,6.91,6.49,5.29,9.14,5.07,8.57,4.25,6.34,4.87,4.05
197503,7.79,3.45,5.06,3.06,1.33,3.16,1.37,0.31,4.09,7.14
197504,4.51,7.09,4.49,6.09,5.84,3.92,2.73,4.11,3.03,7.71
197505,5.64,7.67,5.75,5.35,5.44,6.76,6.45,4.01,5.3,4.94
197506,6.06,3.93,6.32,3.01,6.22,5.56,6.03,6.42,5.77,5.58
197507,-8.08,-8.67,-6.07,-5.04,-5.22,-6.63,-6.44,-5.13,-5.83,-4.08
197508,-4.52,-2.71,-1.7,-1.6,-2.26,-3.1,-1.01,-2.8,-2.99,-2.55
197509,-3.65,-6.66,-3.58,-3.18,-2.03,-2.48,-4.32,-4.71,-4.7,-1.79
197510,2.23,8.64,7.1,4.66,6,7.48,4.25,5.86,6.15,2.97
197511,3.23,5.72,3.31,3.49,1.72,3.14,2.2,2.39,2.77,1.61
197512,-1.61,-2.17,-2.09,-0.46,-2.19,-1.5,0.36,-1.33,-0.29,-1.34
197601,9.9,9.84,11.39,13.6,12.73,13.17,13.69,14.12,13.75,19.14
197602,2.43,0.98,0.92,0.56,0.83,-1.39,0.15,-1.16,3.33,5.21
197603,0.5,4.57,2.26,3.38,4.01,3.76,0.95,2.34,0.91,0.74
197604,-3.21,-2.83,-1.41,0.51,-0.47,-0.64,-0.02,-0.25,-0.2,-2.55
197605,0.18,-2.04,-2.16,-0.13,-0.4,-1.08,0.23,-1.14,-1.68,-2.69
197606,7.01,4.97,3.41,4.12,6.77,2.3,4.96,2.94,3.66,4.64
197607,-0.98,-0.63,-2.05,-0.05,1.16,0.43,-0.62,-1.57,-1.73,-1.14
197608,-1.54,0.93,0.33,-0.36,1.71,-0.19,-0.75,-0.4,-2.42,-2.2
197609,1.91,1.56,2.45,3.04,3.38,1.64,3.88,2.91,0.7,2.62
197610,-3.52,-2.32,-2.12,-2.32,-2.43,0.04,-0.77,-3.1,-2.57,-3.43
197611,-0.03,-2.49,-0.61,1.77,1.65,1.2,1.32,2.23,4.32,3.16
197612,5.12,5.43,5.34,6.19,4.56,5.24,8.28,8.46,6.71,8.29
197701,-9.39,-4.67,-6.31,-3.53,-2.44,-2.63,-2.01,-2.1,-1.18,2.49
197702,-1.81,-1.39,-1.59,-0.55,-1.88,-1.12,-2.03,-2.43,-1.79,-1.92
197703,-2.77,-1.6,-0.56,-1.77,0.29,-0.57,-1.9,0.02,-0.89,-0.7
197704,-4.12,-1.66,-0.44,1.19,-1.47,2.89,1.39,3.74,2.06,3.97
197705,-2.41,-3.38,-2.67,-0.91,-0.28,-0.45,0.67,-0.12,-0.27,0.7
197706,5.9,4.66,4.2,5.95,4.4,3.61,4.37,5.63,6.92,7.01
197707,-2.25,-2.59,-0.01,-1.68,-2.2,-0.9,-0.39,-0.95,-0.72,-1.09
197708,2.22,0.38,-0.05,-3.32,-2.02,-2.56,-2.98,-2.17,-2.11,-2
197709,-2.22,-1.09,-0.66,0.82,2.52,0.42,0.96,0.9,2.05,1.01
197710,-5.25,-3.88,-3.73,-3.4,-4.8,-3.18,-3,-2.81,-3.54,-4.74
197711,3.63,3.94,3.83,4.01,3.75,5.05,5.61,6.54,7.13,8.58
197712,0.13,-0.71,0.87,1.51,0.89,-0.36,0.7,1.58,1.86,1.95
197801,-5.8,-6.07,-6.35,-4.85,-5.37,-5.37,-5.26,-5.41,-5.44,-3.71
197802,-4.73,-2.15,-1.17,-1.29,-0.1,-0.67,-0.81,-0.13,1.97,1.51
197803,3.61,3.23,4.57,3.22,-0.59,3.87,4.17,5.55,6.26,6.48
197804,11.53,9.8,8.21,10.25,6,6.11,4.97,8.68,9.59,10.14
197805,1.66,1.92,1.61,0.89,0.39,2.74,3.55,4.62,5.78,8.96
197806,-4.55,-2.17,-1.24,-1.21,-0.71,-0.44,-0.95,0.39,0.43,2.2
197807,5.39,3.97,5.33,4.31,6.01,5.34,7.96,6.68,9.48,9.96
197808,4.1,4.75,3.33,2.88,3.18,4.23,4.06,4.93,7.88,10.41
197809,0.82,1.59,-0.47,-0.89,-1.38,-1.79,-1.91,-1.77,-2.28,-4.6
197810,-10.81,-7.33,-8.33,-8.32,-11.82,-12.32,-14.93,-16.26,-19.46,-23.09
197811,2.73,1.72,2.44,3.38,1.66,4.44,4.1,5.51,7.53,11.12
197812,-2.12,-1.09,0.36,-0.66,1.63,5.12,1.26,1.9,3.54,3.56
197901,9.62,6.44,5.53,4.95,3.81,4.24,3.77,4.5,5.51,6.7
197902,-2.72,-3.04,-1.84,-2.76,-3.11,-1.93,-2.74,-2.8,-4.76,-4.29
197903,8.47,5.07,4.87,3.03,5.79,7.27,6.21,8.31,8.85,10.57
197904,0.53,-0.71,1.57,0.51,-0.82,0.84,0.53,2.32,0.58,1.55
197905,-2.48,-1.34,-0.05,-0.41,-0.6,0.3,-3.71,-1.82,-2.29,-1.44
197906,5.74,4.67,3.33,3.3,5.71,4.25,6.12,3.36,6.97,6.77
197907,2.75,2.26,1.79,2.32,1.75,1.42,0.85,1.16,1.11,1.73
197908,8.31,8.36,6.16,6.13,4.46,4.73,5.63,7.03,7.96,7.4
197909,-3.95,-2.74,-2.73,-1.06,-1.48,0.01,-1.22,2.95,2.64,4.39
197910,-13.06,-7.91,-7.11,-8.05,-7.34,-8.28,-6.73,-6.77,-4.45,-6.54
197911,2.2,4.81,3.18,2.8,5.56,5.7,8.83,10.03,11.27,12.5
197912,2.5,-0.33,0.95,2.19,2.7,2.93,1.63,5.07,3.26,8.92
198001,3.96,0.82,2.65,1.13,3.73,6.92,8.93,9.4,12.01,13.82
198002,-5.15,-3.64,-5.01,-5.31,-4.99,-0.79,0.63,4.35,6.57,5.13
198003,-3.7,-7.09,-6.39,-6.43,-9,-10.68,-12.88,-14.9,-16.66,-21.25
198004,6.85,6.16,6.96,4.26,2.37,3.66,5.22,3.41,5.08,6.87
198005,8.1,5.52,6.82,5.79,6.81,7.02,7.67,7.26,5.29,3.78
198006,4.72,2.3,3.48,1.74,1.53,2.91,2.79,3.96,4.09,6.28
198007,10.23,9.34,8.67,5.71,4.73,5.92,7.79,8.64,6.94,6.44
198008,2.57,2.42,-0.07,1.88,0.18,1.77,1.92,2.15,2.49,5.17
198009,0.25,-0.3,-0.23,-0.88,-0.88,2.23,2.89,4.5,5.85,8.33
198010,-1.71,-2.63,-1.23,2.01,-1.71,-0.69,2,5.84,5.42,5.21
198011,0.89,-0.42,1.54,5.33,7.74,13.18,11.6,16.74,21.73,17.21
198012,-0.25,2.89,2.7,-0.04,-1.4,-0.75,-5.38,-6.64,-7.81,-7.4
198101,-0.72,0.74,3.14,-0.15,-0.8,-2.62,-3.11,-5.51,-7.06,-11.25
198102,-0.09,3.89,1.99,1.88,1.99,2.91,3.02,0.41,2.18,-0.07
198103,10.24,4.59,3.01,4.76,3.19,3.26,2.76,4.03,6.22,8.45
198104,-1.39,0.46,-0.18,0.91,-1.24,-2.74,0.41,-4.12,-1.14,0.4
198105,0.1,1.94,-0.67,1.1,2.17,-0.14,-0.27,1.75,2.44,6.39
198106,4.35,2.66,1.11,-0.69,-0.69,-1.57,-1.68,-3.23,-4.37,-8.43
198107,4.61,2.84,0.08,0.86,-1.95,-2.53,-2.24,-1.38,-1.39,-2.43
198108,-7.85,-4.74,-3.8,-4.71,-4.54,-6.19,-7.39,-5.12,-6.66,-8.52
198109,-9.98,-6.94,-5.54,-6.08,-4.39,-4.8,-6.04,-4.59,-4.96,-8.74
198110,3.53,6.05,2.52,6.08,6.09,5.24,7.16,5.82,8.41,12.07
198111,3.69,4.92,5.23,7.38,4.45,4.02,5.31,3.45,2.98,2.76
198112,-5.25,-4.17,-2.16,-2.51,-1.61,-2.32,-2.51,-3.05,-2.3,-2.63
198201,-4.82,-6.11,-1.17,-4.77,-1.64,-2.56,-0.08,-1.15,-0.1,-3.56
198202,-9.28,-9.1,-5.71,-6.03,-6.1,-4.02,-1.75,-3.05,-0.52,-4.9
198203,-4.42,-2.47,-1.29,-1.21,-0.87,-2.2,-0.09,1.66,1.68,-0.52
198204,5.75,4.35,4.87,4.07,4.31,3.78,4.62,5.41,2.88,5.21
198205,-6.51,-4.6,-3.6,-1.45,-2.88,-1.21,-2.81,-2.9,-2.99,-1.98
198206,-9.05,-5.39,-2.49,-1,-4.53,-2.76,-1.01,-0.74,0.05,0.84
198207,-6.7,-4.74,-3.58,-3.08,-4.37,-3.92,-2.54,-0.35,2.07,-0.82
198208,10.69,16.38,15.15,13.15,11.46,13.59,10.49,11.38,10.44,9.69
198209,-3.45,0.17,2.32,2.97,1.22,2.04,1.02,1.97,2.54,4.8
198210,13.71,12.36,12.86,11.09,9.22,16.67,12.5,10.67,10.33,14.12
198211,1.63,5.32,-0.93,6.01,4.17,5.63,6.84,5.57,6.63,10.1
198212,3.83,2.53,1.36,-0.74,0.18,1.71,0.9,0.59,2.77,0.1
198301,7.01,4.79,4.57,8.94,4.45,1.74,2.3,1.82,4.46,2.51
198302,-2,2.21,2.55,1.15,3.58,2.78,4.28,4.27,5.1,6.93
198303,2.19,3.99,4.01,4.2,1.21,3.67,2.91,3.7,3.29,4.86
198304,6.56,8.57,7.62,6.47,5.43,5.91,5.51,10.47,4.83,10.64
198305,8.81,2.47,-0.64,0.65,0.73,-0.81,-0.24,-0.44,1.57,4.78
198306,4.77,4.84,2.53,0.82,2.02,4.22,2.34,6.35,4.88,5.79
198307,-2.68,-1.4,-3.48,-2.3,-2.54,-4.28,-1.79,-3.23,-3.82,-7.9
198308,-0.69,3.96,3.37,2.31,2.35,-0.73,-0.17,-2.35,-5.05,-4.51
198309,3.53,1.54,0.74,0.22,3.07,1.36,4.05,-0.88,3.34,1.16
198310,-1.82,2.16,-2.34,-1.18,-1.75,-1.33,-2.55,-4.71,-5.73,-9.41
198311,4.85,1.1,3.42,2.91,2.6,3.47,3.99,-0.01,3.65,5.41
198312,0.02,-1.25,-1.2,-1.02,-2.15,-2.86,0.06,-0.11,1.11,-2.7
198401,-1.82,-0.87,0.98,-0.85,-0.73,-0.81,-0.45,-0.98,-2.98,-6.71
198402,-5.7,-3.96,-4.78,-2.38,-3.18,-4.01,-4.04,-4.3,-4.14,-5.93
198403,-0.86,1.68,1.91,1.83,1.72,1.85,0.86,1.59,1.14,2.32
198404,-0.93,-0.3,-1.01,-1.4,1.14,0.8,0.45,-0.44,2.15,1.65
198405,-8.79,-5.53,-4.85,-4.18,-4.9,-5.43,-4.71,-4.54,-4.62,-5.47
198406,1.32,3.76,3.5,2.16,4.23,5.46,1.95,1.29,1.74,1.5
198407,-6.92,-5.15,-0.94,-3.08,-2.04,-0.29,-1.09,-2.43,-2.35,-2.02
198408,13.54,16.05,13.67,11.48,12.34,12.98,11.69,9.7,8.18,8.7
198409,-3.35,-0.76,-1.46,-2.98,0.33,0.09,-0.54,2.27,1.02,1.31
198410,-3.39,-2.98,-0.11,-0.31,0.42,-0.45,1.07,1.25,0.8,0.63
198411,-4.59,-1.15,-0.87,-0.21,-1.24,-0.94,-0.94,-0.91,-0.81,-1.27
198412,0.99,-0.14,2.28,3.54,2.46,1.61,2.79,2.59,2.88,2.66
198501,16.51,13.87,11.48,10.2,10.69,9.65,7.47,6.48,4.9,6.53
198502,0.25,1.48,0.33,1.1,2.03,1.94,1.56,1.3,2.9,2.96
198503,-0.92,-0.71,-0.52,-0.47,-0.61,2.57,-1.58,0.76,0.36,-0.54
198504,-3.31,-2.44,-1.48,0.86,-0.06,-0.67,-0.26,0.7,0.67,-0.07
198505,-0.64,2.1,3.44,5.94,4.13,7.25,8.09,6.39,6.25,7.59
198506,-1.2,-0.13,1.87,1.02,-0.01,2.17,1.94,3.3,2.92,3.8
198507,2.77,5.46,2.35,1.49,2.24,0.33,-1.04,-2.7,-2.02,-1.55
198508,-3.18,-1.92,-0.95,-1.95,-0.83,0.21,0.24,1.13,0.34,-0.9
198509,-8.81,-5.23,-3.65,-3.05,-4.31,-2.9,-3.55,-2.84,-4.42,-5.05
198510,0.05,0.25,2.4,4.23,3.78,4.72,5.83,5.47,5.66,7.48
198511,6.75,7.75,8.68,8.35,6.68,6.92,5.9,5.68,6.95,7.97
198512,3.49,5.02,4.57,7.51,4.6,2.94,4.18,4.16,4.12,3.94
198601,-2.05,0.88,1.84,1.28,0.04,-1.2,0.45,2.69,2.26,4.63
198602,4.58,6.3,6.87,9.55,5.8,7.06,8.79,7.55,9.06,8.42
198603,2.63,1.18,5.05,4.95,3.74,5.63,5.91,6.64,8.22,5.78
198604,-0.79,-0.22,1.18,0.85,0.09,-2.86,-1.79,-0.37,-2.83,0.14
198605,4.96,5.7,3.51,1.93,4.17,5.32,5.4,5.35,7.79,6.68
198606,-4.2,-1.9,-0.15,0.51,0.05,1.79,2.82,3.5,4.42,3.16
198607,-11.88,-8.75,-5.78,-4.57,-5.94,-4.15,-5.33,-4.83,-5.79,-7.69
198608,11.12,12.02,10.37,8.08,8.76,5.48,5.8,5.32,4.59,3.71
198609,-1.2,-3.01,-4.06,-5.09,-5.58,-9,-8.63,-11.2,-10.27,-11.49
198610,1.91,3,-0.88,4.94,6.17,5.38,6.01,6.77,5.64,7.28
198611,0.45,-0.15,2.15,2.48,1.39,2.93,1.01,1.57,1.55,0.53
198612,-5.22,-3.94,-2.43,-3.86,-1.48,-2.82,-1.57,-3.06,-3.3,-2.2
198701,14.16,10.12,10.85,11.05,10.65,13.24,12.56,13.04,12.17,18.26
198702,8.27,8.12,6.29,6.04,6.62,5.6,2.52,2.79,3.2,5.3
198703,0.3,4.17,-1.29,1,0.15,3.22,0.97,1.92,2.32,4.15
198704,-4.95,-2.17,1.57,-3.21,-2.46,-3.06,-3.9,-2.19,-0.48,0.54
198705,1.25,2.36,0.66,-0.99,0.27,-0.21,1.5,-0.34,1.27,0.77
198706,2.17,4.59,4.9,5.14,5.7,4.28,4.57,4.62,4.62,3.81
198707,3.04,1.6,2.95,2.72,4.96,2.63,5.93,6.78,4.14,5.61
198708,3.32,5.01,5.75,5.06,3.24,3.3,4.06,3.66,3.73,4.1
198709,-3,-1.54,-1.5,-1.39,-5.72,-2.33,-1.51,-2.72,-1.19,0.34
198710,-23.9,-15.67,-15.73,-18.66,-21.38,-24.01,-24.35,-20.5,-26.28,-26.78
198711,-5.94,-4.46,-5.49,-6.94,-8.74,-7.67,-8.03,-7.96,-8.55,-6.25
198712,2.02,4.18,4.38,6.58,6.84,6.33,6.69,8.27,8.2,8.07
198801,7.42,8.73,10.77,8.14,7.57,5.38,5.31,3.89,2.53,-2.09
198802,8.75,10.27,5.92,6.21,4.97,3.8,3.06,3.67,6.44,7.52
198803,0.2,0.17,-0.45,-1.36,-4.11,-3.22,-1.24,-2.99,-1.91,0.17
198804,-0.32,-0.05,-0.14,1.91,-0.34,-0.37,1.19,1.37,2.04,1.81
198805,-3.05,0.14,0.73,1.73,-0.6,-0.5,0.54,1.45,-0.43,-0.96
198806,9.68,8.06,8.74,3.87,5.51,4.39,4.81,3.55,4.55,3.79
198807,-2.41,-2.25,-1.12,-1.52,0.2,-0.46,-0.51,-0.05,-0.78,-0.99
198808,-3.71,-3.31,-2.45,-4.06,-1.95,-2.23,-2.68,-2.02,-2.91,-3
198809,2.01,3.13,5.05,5.2,4.94,3.57,2.93,2.31,4.02,4.43
198810,0.62,1.02,0.86,2.07,3.05,0.71,2.67,0.83,3.55,1.77
198811,-3.93,-0.93,-2.05,-1.02,-1.95,-2.41,-0.74,-2.27,-1.22,-2.22
198812,2.49,3.4,1.86,2.28,1.84,2.09,1.68,1.43,2.97,2.13
198901,8.49,6.19,7.8,6.53,5.07,6.21,6.8,5.62,7.93,6.65
198902,-1.71,-1.25,-1.88,-2.09,-2.29,-2.64,-1.95,-0.95,-0.93,1.52
198903,-1.92,0.87,-0.09,1.97,3.24,2.06,0.75,4.41,3.4,4.54
198904,2.19,4.65,4.06,5.15,5.03,3.43,5.86,5.58,5.97,5.71
198905,3.4,4.9,1.45,3.8,3.77,5.54,3.37,4.16,5.24,5.33
198906,-3.45,-3.49,0.75,-0.22,-0.1,-1.42,-0.71,-0.23,-0.41,-0.32
198907,-0.84,4.03,5.14,6.96,6.72,7.59,7.45,9.48,11.35,10.16
198908,1,3.44,3.19,3,3.76,2.71,0.38,1.68,1.08,2.18
198909,-3.14,-0.64,-2.38,-2.61,-0.31,-0.72,-0.48,-0.33,0.95,3.38
198910,-9.98,-7.52,-2.71,-3.56,-2.93,-3.37,-1.27,-2.07,-2.52,-4.33
198911,-2.65,-1.65,0.02,-0.17,1.38,2.45,4.21,1.6,2.52,1.25
198912,-1.37,-1.32,-1.26,2.13,2.41,1.77,4.13,3.31,2.4,-0.44
199001,-8.66,-3.9,-4.83,-6.68,-6.35,-6.79,-6.24,-6.57,-8.38,-10.97
199002,2.98,4.32,2.32,2.66,1.32,1.55,0.69,1.2,1.75,1.44
199003,1.62,1.7,2.48,3.06,0.3,1.24,2.02,2.07,3.18,3.89
199004,-7.65,-4.62,-3.84,-3.78,-2.25,-2.81,-2.72,-2.41,-2.35,-1.58
199005,4.07,8.86,7.84,8.51,9.59,7.2,8.76,9.03,8.46,13.03
199006,-2.39,-3.83,-2.29,-1.88,-0.64,-1.51,-0.67,-1.73,1.34,1.6
199007,-9.27,-7.84,-7.02,-3.3,-1.75,-1.5,-0.89,0.21,1.38,-1.75
199008,-16.73,-12.65,-10.23,-11.08,-9.26,-9.66,-9.71,-7.74,-8.38,-10.31
199009,-14.08,-13.36,-10.98,-7.62,-8.46,-2.67,-2.27,-4.2,-4.07,-6.54
199010,-11.17,-9.03,-6.44,-3.6,-3.77,0.24,0.57,0.82,0.21,-0.7
199011,13.63,13.92,12.39,7.62,7.68,8.59,6.61,5.86,5.3,5.52
199012,-1.27,3.21,5.76,4.08,6.3,4.04,3.83,2.85,2.08,1.71
199101,8.08,13.89,13.14,9.68,5.36,6.21,3.94,1.19,2.4,6.06
199102,21.69,14.94,10.35,6.09,7.49,7.47,7.03,5.58,6.53,9.34
199103,5.78,4.86,0.32,1.73,2.26,1.61,2.35,3.15,1.81,6.51
199104,-0.2,2.01,4.11,0.24,-0.48,1.84,0.74,0.74,-0.69,-1.47
199105,2.15,7.4,6.54,3.11,4.38,3.79,3.02,4.06,4.06,4.06
199106,-4.06,-5.62,-5.77,-4.74,-5.23,-4.74,-4.53,-3.69,-3.41,-4.63
199107,1.81,3.38,2.82,3.08,3.76,3.14,2.52,5.76,7.74,7.74
199108,5.78,3.78,3.35,0.34,2.37,2.01,1.07,3.23,3.65,5.81
199109,-6.03,-2.67,-0.51,-1.98,-0.44,-0.63,-1.27,-2.23,-1.1,0.68
199110,0.75,-1.41,1.09,1.47,2.06,0.22,2.57,2.97,1.74,3.71
199111,-8.39,-5.47,-4.78,-3.13,-2.47,-2.64,-3.26,-0.67,-5.32,-5.41
199112,2.58,4.32,9.74,8.81,8.45,11.42,14.39,13.89,14.59,17.77
199201,5.73,1.32,2.47,-0.02,-1.22,-1.74,-3.35,-0.61,-2.28,2.44
199202,1.72,5.55,1.05,2.03,0.22,1.14,0.46,2.1,1.66,0.83
199203,-5.18,-2.02,-2.47,-1.26,-1.58,-1.58,-1.35,-2.68,-2.81,-4.07
199204,0.28,5.6,2.08,3.65,2.34,2.95,0.67,0.41,-1.1,-2.56
199205,3.39,1.86,-0.67,-0.18,0.08,0.39,-0.12,1.91,0.98,2.31
199206,-6.02,-3.35,-1.02,-1.18,-0.4,-1.05,-0.78,-3.01,-4.42,-4.04
199207,2.33,4.32,2.84,3.71,4.28,4.44,5.02,3.89,4.5,4.07
199208,-3.55,-2.11,-2.07,-0.39,-1.49,-0.89,-3.45,-2.66,-2.57,-4.56
199209,-0.05,0.1,2.04,0.68,2.12,1.15,1.57,0.18,2.34,4.26
199210,2.35,1.51,-1.29,1.16,0.23,0.88,-0.53,2.31,2.52,5.3
199211,7.66,4.31,4.35,4.01,3.96,1.73,4.35,4.51,3.84,8.52
199212,-1.6,-2.75,0.02,1.71,2.61,1.9,2.61,1.13,2.33,5.76
199301,1.34,-3.59,-1.84,0.21,0.35,1.02,2.5,2.01,4.91,6.31
199302,-2.34,-1.8,-2.53,-2.97,0.84,3.33,1.57,1.13,2.23,-0.57
199303,-2.07,0.71,1.88,0.82,2.46,3.54,1.1,3.93,4.75,4.7
199304,-5.97,1.19,-5.72,-2.39,-2.13,-2.4,-2.55,-2.55,-3.88,-3.25
199305,5.63,3.52,2.89,2.83,1.27,1.72,1.39,4.79,3.08,8.07
199306,-2.9,-3.64,-1.06,-1.94,-0.03,0.42,3.27,2.79,3.27,2.98
199307,-5.46,-1.35,-1.76,-0.08,0.51,-0.21,-0.22,2.88,1.27,0.83
199308,2.94,4.55,3.2,3.11,2.27,4.04,2.43,5.28,4.15,8.6
199309,-3.06,-1.13,-1.22,-1.12,-0.55,0.8,1.08,0.02,0.41,4.9
199310,9.52,3.78,2.84,1.33,-1.08,-0.07,0.71,1.34,0.62,0.86
199311,4.44,2.85,0.3,-1.38,-2.08,-3.88,-2.97,-2.44,-4.06,-4.82
199312,0.79,-1.35,1.64,1.92,3.01,2.12,2.16,2.48,2.31,3.13
199401,6.71,3.93,2.79,0.96,2.99,2.15,3.18,3.43,3.04,4.9
199402,-1.51,-1.66,-2.76,-3.18,-2.18,-2.29,-2.44,-2.52,-2.72,-1.19
199403,-4.89,-4.17,-4.24,-2.87,-4.29,-3.84,-5.17,-4.95,-4.95,-5.47
199404,-1.46,0.35,1.69,2.41,1.47,1.87,0.52,1.06,-1.05,0.34
199405,1.53,1.58,1.49,1.43,1.02,0.98,1.49,0.37,0.56,-2.31
199406,-4.36,-1.45,-2.11,-1.69,-3.33,-3.04,-1.61,-2.14,-3.48,-6.11
199407,3.51,3.33,2.51,2.98,2.29,4.77,4.47,1.82,2.08,2.56
199408,5.43,4.98,2.88,3.06,2.2,4.34,4.14,5.75,5.62,8.47
199409,-1.18,-2.35,-2.57,-2.81,-2.16,-1.42,-2.76,-2.14,-1.93,0.77
199410,-0.69,2.07,1.15,2.74,2.12,1.89,0.84,0.77,2.34,3
199411,-3.17,-2.98,-2.04,-3.67,-4.67,-3.74,-3.52,-2.47,-4.44,-5.31
199412,-1.95,-1.16,1,-0.21,1.75,2.57,1.74,0.61,2.39,1.76
199501,1.68,1.93,4.21,3.74,2.71,1.78,3.73,2.8,0.94,-1.78
199502,3.18,5.03,4.84,5.53,3.06,4.54,3.93,3.5,2.96,4.32
199503,0.37,3.45,3.17,3.07,2.25,1.94,2.28,2.53,2.06,3.97
199504,2.74,0.83,0.12,1.47,1.85,2.49,2.64,2.89,2.53,4.68
199505,2.77,3.52,4.2,3.69,3.12,4.45,3.52,4.14,2.83,2.66
199506,7.13,1.72,2.67,2.47,1,1.6,1.14,2.4,3.82,7.24
199507,5.74,4.28,2.83,3.21,4.11,3.04,4.13,2.16,4.33,6.55
199508,1.17,-0.44,2.3,2.21,0.68,1.64,1.4,-0.13,0.72,0.76
199509,-1.69,1.9,2.06,4.27,2.6,3.82,4.28,4.74,5.71,3.28
199510,-7.38,-7.32,-3.4,-3.81,-1.09,-0.88,0.34,0.29,0.22,-0.33
199511,4.91,7.65,5.02,5.64,5.43,4.17,4.09,5.26,4.02,1.31
199512,-2.49,-0.61,1.02,1.95,2.19,2.9,1.68,2.15,2.78,-1.39
199601,0.17,1.72,1.61,0.69,1.18,1.82,4.01,3.1,3.98,2.7
199602,4.33,2.31,1.1,1.86,0.79,1.72,-0.01,1.2,3.14,3.57
199603,4.39,3.4,2.99,2.27,1.28,0.81,1.36,0.79,0.19,0.46
199604,10.27,3.62,5.6,3.05,1.71,0.28,0.67,1.68,0.5,6.36
199605,1,3.35,2.69,3.18,1.68,1.48,2.13,3.82,2.3,5.14
199606,-6.8,-2.94,-1.17,0.73,-1.81,-0.08,1.72,1.29,-1.67,-4.11
199607,-10.83,-7.6,-6.11,-3.9,-5.26,-4.13,-3.55,-4.43,-4.71,-10.82
199608,4.58,4.28,5.14,3.05,4.34,2.84,1.77,2.95,1.67,5.77
199609,5.11,2.86,3.33,5.04,3.63,4.02,5.44,5.41,6.58,8.02
199610,-7.8,-4.07,-0.49,2.65,1.48,4.21,2.63,3.7,2.92,-1.03
199611,11.88,8.41,4.99,6.88,6.84,5.91,8.92,6.78,6.64,1.6
199612,0.72,-1.08,-0.29,0.41,-0.63,-0.71,-2.63,-2.07,-2.74,0.88
199701,3.08,2.05,4.43,3.16,3.07,4.02,5.45,7.78,6.14,9.11
199702,-2.93,0.21,0.66,1.69,1.2,0.95,2.78,0.68,-2.22,-6.84
199703,-7.62,-4.16,-3.62,-5.22,-2.83,-2.63,-5.02,-3.42,-6.29,-4.57
199704,-2.7,1.53,-0.17,1.52,2.62,2.89,5.95,6.85,6.96,8.94
199705,17.42,12.33,10.83,6.4,6.13,6.68,5.81,7.01,5.33,6.14
199706,1.56,1.87,6.05,3.66,2.61,3.99,3.9,4.36,5.9,4.52
199707,4.12,4.65,5.25,7.64,4.57,8.52,5.75,6.71,7.45,15.2
199708,1.47,1.43,-2.09,-2.34,-2.57,-3.27,-4.22,-6.57,-6.73,-2.7
199709,4.08,6.93,5.22,4.69,4.99,6.68,5.07,4.94,6.24,6.91
199710,-5.93,-4.87,0.43,-3.61,-1.49,-3.71,-2.61,-3.25,-1.72,-7.85
199711,-1.38,2.58,5.09,5.56,3.19,4.65,4.74,3.31,1.57,1.38
199712,-2.84,-0.03,2.03,2.38,1.42,1.2,3.36,5.4,0.72,1.43
199801,-0.02,-0.47,-0.54,-1.28,0.79,-0.78,2.22,-0.51,1.27,2.67
199802,8.49,8.67,7.93,7.94,7.5,8.79,5.21,6.38,6.43,9.86
199803,4.48,2.71,4.42,3.68,5.08,5.48,5.04,6.13,5.55,6.52
199804,4.56,-0.77,0.47,0.27,1.8,-1.08,0,2.1,0.43,5.51
199805,-8.29,-4.51,-2.72,-2.56,-2.09,-1.72,-2.22,-2.61,0.09,-3.49
199806,-3.75,-1.28,0.39,1.67,0.66,2.15,7.23,3.22,5.36,9.66
199807,-7.28,-5.43,-1.72,-2.56,-4.19,-4.08,-0.71,-1.54,-1.12,0.94
199808,-21.61,-18.9,-12.85,-14.66,-17.67,-16.1,-14.15,-13.82,-13.73,-16.89
199809,14.16,8.57,8.26,9.35,6.92,5.75,3.68,6.85,3.51,8.61
199810,13.15,11.39,9.85,8.59,6.49,10.92,8.24,9.45,7.82,4.1
199811,3.81,2.91,8.96,7.71,5.95,6.74,4.08,6.76,5.16,7.54
199812,-0.78,0.91,-2.23,-1.32,1.86,1.86,4.34,4.47,5.91,13.01
199901,2.04,1.63,-1.27,-1.57,1.99,-0.39,1.33,1.27,0.63,9.05
199902,-7.01,-5.57,-3.69,-2.21,-4.54,-0.58,-2.78,-2.17,-4.97,-4.68
199903,10.35,3.33,2.63,2.54,3.07,-0.45,2.27,2.5,2.61,5.77
199904,17.95,12.92,14.47,11.93,11.97,9.94,5.73,10.68,4.07,-0.87
199905,7.46,4.55,3.75,1.16,-0.25,0.07,-0.5,-0.93,-3.33,-3.07
199906,1.53,5.04,2.01,1.35,0.86,-0.07,3.67,1.32,5.5,8.54
199907,-4.3,-5.07,-1.78,-3.62,-3.39,-2.9,-4.96,-4.13,-2.24,-1.82
199908,-5.34,-4.66,-2.07,-3.54,-2.06,-1.23,-2.11,0.25,-1.93,0.9
199909,-6.33,-4.87,-10.12,-6.88,-6.55,-3.75,-1.79,-0.41,-1.55,0.22
199910,-3.93,1.09,1.24,4.89,9.58,5.21,4.82,7.9,7.39,6.65
199911,2.68,4.52,-1.1,-1.46,-2.65,-0.73,0.71,0.02,1.05,10.57
199912,-0.28,2.2,-2.63,-3.81,-1.08,-2.72,-4.88,3.19,3.2,21.79
200001,-4.48,-2.98,-5.79,-3.88,-2.61,-0.71,-1.86,-3.11,-8.9,-2.71
200002,-3,-6.82,-8.81,-6.23,-10.6,-3.34,-6.2,-3.36,-2.33,20.81
200003,8.2,13.79,14.2,9.14,9.07,12.07,11.45,7.62,13.18,-0.67
200004,-2.32,0.6,4.32,2.35,-0.59,-2.73,-12.02,-0.93,-4.13,-8.66
200005,1.14,5.19,5.9,4.42,-1.17,1.88,2.59,-3.97,-2.37,-11.62
200006,-5.14,-5.47,-5.5,-2.73,6.84,-3.49,-3.23,2.88,3.32,13.23
200007,-4.68,0.97,-6.11,0.1,-3.87,0.84,-0.67,0.35,-0.39,-3.24
200008,6.95,8.02,3.36,4.28,3.2,4.72,2.41,5.02,5.42,13.87
200009,-12.49,-1.68,-7.67,3.5,-2.69,2.72,2.36,0.48,-1.26,-11.78
200010,-8.25,4.96,2.67,7.79,1.1,0.84,0.17,-1.21,-2.17,-7.57
200011,-23.44,-8.73,-3.54,-3.52,0.25,-8.51,-3.89,-6.58,-9.71,-24.3
200012,-10.88,0.4,0.38,6.7,1.42,6.69,-3.42,2.88,3.12,5.9
200101,35.72,26.16,6.04,11.89,3.58,-2.3,-0.77,-3.25,-6.88,-6.39
200102,-19.84,-21.32,-11.35,-8.13,-5.22,-11.87,-3.6,-1.63,-4.43,-4.58
200103,-17.58,-10.44,-7.22,-7.09,-3.93,-6.22,-5.07,-3.33,-2.21,-2.92
200104,14.89,17.7,8.64,9.27,6.77,2.7,3.92,3.18,4.41,5.68
200105,-5.87,0.62,1.15,1.57,2.24,1.54,4.4,2.96,1.76,3.3
200106,0,-1.76,-2.34,-4.27,-0.28,-0.82,-2.82,-1.82,-2.25,0.98
200107,-6.62,-4.65,-1.5,-0.57,-0.98,-0.43,2.13,1.5,0.59,-2.8
200108,-14.59,-7.75,-6.53,-6.48,-4.06,-2.56,-1.73,-2.05,-3.9,-3.49
200109,-22.89,-14.47,-10.94,-5.65,-4.18,-2.98,-4.18,-6.11,-5,-7.44
200110,15.74,4.87,1.51,1.89,0.13,1.22,0.02,-0.17,0.01,1
200111,20.48,11.98,7.87,7.09,3.97,5.08,5.55,3.78,5.49,4.84
200112,-0.71,-0.12,0.21,2.14,2.21,4.4,2.51,2.76,3.57,4.84
200201,-1.55,-2.24,-3.32,-1.54,-1.03,0.73,1.23,-0.31,-2.03,-0.23
200202,-17.78,-3.22,-1.25,0.31,-0.09,-1.55,2.17,0.41,0.26,-1.93
200203,7.45,3.71,5.27,2.85,4.51,4.69,3.91,3.76,5.91,5.9
200204,-14.03,-7.96,-8.14,-7.01,-5.07,-0.94,-1.6,1.1,-0.76,-0.43
200205,-7.27,-1.46,-1.08,-0.69,0.27,-1.58,0.95,-2.34,0.89,-2.46
200206,-13.72,-8.4,-4.3,-7.43,-8.65,-6.85,-3.25,-6.43,-2.78,-3.44
200207,-6.75,-10.39,-9.55,-6.55,-7.06,-7.87,-5.61,-6.82,-6.38,-11.85
200208,3.69,-2.51,0.84,1.88,1.53,1.04,2.38,0.57,1.86,1.4
200209,-16.38,-16.08,-13.48,-11.62,-8.28,-8.56,-7.2,-7.39,-4.59,-3.11
200210,19.99,9.37,11.42,9.1,2.92,4.7,5.46,3.9,5.03,5.09
200211,22.65,11.72,8.32,5.04,2.77,1.69,3.08,0.19,-2.97,2.25
200212,-14.72,-12.09,-8.24,-7.79,-1.49,-3.19,-3.46,-1.15,0.17,-1.78
200301,-3.66,-1.62,-3.27,-2.24,-3.65,-2.97,-2.96,-2.31,-0.83,-1.01
200302,1.45,-2.71,-2.1,-3.07,-1.82,-0.63,-2.79,-2.53,-1.34,0.38
200303,0.35,0.68,-1.37,1.38,1.46,2.56,0.93,1.15,0.92,3.83
200304,19.76,16.88,12.32,13.28,7.37,5.29,7.21,5.35,5.69,4.62
200305,21.91,12.54,13.7,9.35,6.28,4.54,4.61,1.67,5.24,7.08
200306,2.17,4.7,1.3,2.19,1.47,0.87,-0.36,1.92,1.59,1.67
200307,5.26,4.85,3.37,3.88,1.29,0.86,0.91,3.87,1.8,3.44
200308,3.76,4.28,2.35,1.68,0.72,4.73,1.61,1.29,2.34,4.06
200309,-0.51,-1.09,-0.77,-0.48,0.28,-2.45,-2.58,-2.24,-1.17,-1.47
200310,3.84,5.06,5.38,5.19,1.09,6.63,6.74,8.95,8.37,11.77
200311,0.59,1.87,0.28,1.95,1.83,0.28,0.97,0.8,4.07,3.18
200312,8.65,7.48,6.07,4.93,4.54,3.41,3.47,1.76,1.79,-1.27
200401,2.41,0.83,1.07,3.82,0.72,2.76,2.12,2.14,3.32,3.7
200402,1.98,1.51,1.17,2.55,2.64,1.77,0.88,2.25,-0.53,-0.19
200403,-1.84,-2.87,-0.91,0.01,-2.02,-0.04,-1.1,-0.71,0.72,-1.47
200404,2.5,-0.13,0.01,-1.41,-1.2,-3.52,-3.3,-6.07,-3.48,-7.79
200405,-0.18,0.81,1.84,2.12,-0.41,2.29,3.32,0.62,1.78,2.75
200406,1.09,1.92,1.66,0.95,-0.1,2.24,4.23,4.47,5.01,1.79
200407,-4.33,-2.86,-2.11,-4.45,-2.02,-3.3,-5.62,-6.18,-6.56,-8.74
200408,-0.05,1.49,0.15,0.64,-0.42,1.03,-0.63,-0.42,-0.58,-2.14
200409,2.21,-0.98,-0.79,0.93,0.29,0.85,3.79,4.61,7.6,7.35
200410,5.59,2.61,1.09,1.13,2.1,-1.1,0.77,0.68,2.69,1.93
200411,4.38,1.32,3.75,5.63,3.89,4.39,5.89,5.86,7.2,9.88
200412,7.37,2.95,4.68,4.97,3.35,3.58,3.06,2.07,0.91,2.09
200501,-6.81,-2.05,-3.16,-1.95,-1.7,-1.01,-2.48,-0.46,-1.84,-4.11
200502,4.13,0.4,-0.82,0.17,0.48,0.9,8.07,4.87,2.1,5.46
200503,-2.9,-3,-1.69,-2.17,-0.88,-0.52,-1.36,-2.44,-1.12,-1.6
200504,-3.26,-0.76,-2.76,-2.65,-1.93,-0.08,-2.57,-1.62,-5.05,-6.47
200505,5.88,5.37,1.78,2.91,4.26,4.07,1.96,4.9,2.8,6.55
200506,0.26,-0.01,0.21,0.25,-0.64,-0.49,0.49,1.6,3.01,5.57
200507,7.1,4.17,3.54,4.51,2.54,4.19,3.23,3.66,5.83,6.04
200508,-3.06,-3.2,0.42,-1.52,-2.34,-0.38,-0.39,0.52,1.31,1.03
200509,-2.2,-0.49,-0.12,-0.88,0.93,2.49,0.83,2.34,3.27,3.88
200510,-2.25,0.81,-0.27,-0.54,-0.27,-3.51,-5.15,-1.62,-4.37,-2.79
200511,3.5,3.77,3.58,4.69,4.7,2.81,3.68,5.54,3.47,3.16
200512,-0.28,1.22,-1.35,-0.65,-0.1,-0.43,0.84,-0.16,1.16,1.8
200601,6.69,4.86,2.15,-1.13,1.68,2.53,3.41,2.76,5.93,9.93
200602,-1.08,0.81,1.27,0.64,1.76,-0.09,1.63,0.11,-0.4,-5.33
200603,1.86,1.9,2.7,0.55,0.76,0.81,1.4,2.15,2.41,4.59
200604,0.87,0,1.45,1.49,0.47,2.08,0.79,1.08,0.22,1.95
200605,-1.66,-1.59,-0.79,-2.45,-2.82,-3.48,-4.12,-4.12,-5.77,-7.98
200606,-0.29,-1.01,-0.85,0.52,0.03,0.97,0.31,0.57,1.27,-0.7
200607,-5.04,1.97,0.16,-2.01,1.96,1.9,0.77,-0.43,-3.28,-6.31
200608,6.68,2.37,4.46,3.77,4.57,1.24,1.82,1.43,1.18,-2.04
200609,2.25,2.15,3.4,2.38,3.23,1.14,1.78,1.52,2.42,1.94
200610,5.73,4.77,3.51,4.31,3.24,3.53,1.39,4.76,2.69,6.47
200611,5.41,3.3,1.8,1.75,1.83,0.19,2.36,1.82,2.85,2.23
200612,-0.81,-0.27,0.85,1.79,2.7,2.29,0.8,0.79,1.34,0.86
200701,2.73,2.57,0.98,0.34,2.18,1.91,1.57,2.72,1.54,3.17
200702,-0.28,1.25,-1.66,-0.33,-2.61,-0.4,-1.86,-2.78,-1.69,-2.71
200703,-1.23,-0.77,0.57,0.37,0.32,-0.14,1.4,2.33,3.86,1.95
200704,3.87,4.43,4.49,3.5,4.94,4.4,3.18,4.26,4.22,2.15
200705,3.24,3.98,3.54,3.62,2.81,4.56,3.06,4.09,2.79,5.36
200706,-3.03,-2.37,-0.55,-1.6,-1.92,-1.15,-1.77,-1.3,-1.73,-1.48
200707,-4.48,-4.96,-6.71,-3.21,-2.43,-4.24,-4.3,-1.33,-2.88,-1.63
200708,-1.1,2.78,1.81,1.13,1.14,0.48,1.62,2.13,2.12,1.89
200709,1.58,1.13,1.1,1.75,2.66,3.46,3.92,6,4.37,7.97
200710,-1.01,-1.25,-1.3,-0.09,4.21,0.9,3.77,3.52,1.47,7.8
200711,-13.44,-8.64,-3.92,-4.3,-5.92,-2.11,-2.49,-3.68,-5.22,-6.03
200712,-6.9,-6.84,-5.96,-4.01,-1.93,-1.21,-0.85,2.58,0.7,4.36
200801,3.93,-1.91,-2.66,0.33,-2.02,-4.59,-6.4,-7.11,-8.74,-13.2
200802,-12.55,-7.93,-8.29,-7.59,-1.67,-2.42,-2.77,-3.26,-0.38,2.1
200803,-10.24,-5.82,-4.05,-0.32,-1.65,-1.84,1.46,1.28,-0.63,-0.18
200804,8.29,7.86,5.52,4.68,4.96,1.11,0.79,4.71,5.71,9.72
200805,-2.52,-0.69,-0.82,0.94,-0.54,3.17,2.47,2.17,1.6,6.99
200806,-19.47,-19.27,-17.29,-12.3,-9.25,-10.25,-9.3,-6.94,-4.8,-0.48
200807,0.43,0.87,7.67,3.96,2.51,3.42,-1.24,0.66,-3.06,-9.54
200808,-5.02,3.15,6.42,2.52,3.24,2.44,3.16,0.8,0.84,-2.89
200809,-23.46,-12.46,-6.67,-10.02,-7.17,-6.08,-2.56,-7.19,-12.03,-15.19
200810,-26.01,-25.43,-23.1,-18.63,-13.83,-17.04,-15.17,-14.36,-16.22,-14.96
200811,-20.2,-17.54,-12.58,-5.42,-8.98,-7.52,-0.81,-5.48,-8.67,-8.53
200812,3.98,9.09,4.43,3.62,2.52,1.47,2.27,-0.81,0.71,0.76
200901,-8.29,-10.03,-6.33,-7.89,-12.79,-8.19,-5,-8.04,-5.97,-12.08
200902,-26.13,-16.96,-8.61,-16.57,-8.79,-8.54,-9.81,-9.41,-11.32,-4.56
200903,44.49,14.55,15.13,11.64,12.95,10.51,9.76,8.72,4.46,4.85
200904,44.89,36.02,33.14,21.54,21.06,15.48,9.72,4.65,3.19,-0.32
200905,21.65,16.93,11.13,9.99,9.01,6.97,1.92,4.5,1.35,1.8
200906,-6.32,-1.74,-6.89,-1.08,-0.26,1.1,2.08,0.53,2.01,3.08
200907,12.4,13.14,10.73,10.66,10.04,8.22,6,6.15,6.91,5.66
200908,25.98,9.49,4.71,5.09,3.48,3.52,2.13,2.4,2.1,0.2
200909,8.84,9.17,5.72,4.99,3.79,5.55,2.65,2.64,3.53,5.02
200910,-13.3,-6.52,-4.14,-1.35,-2.58,-0.9,-1.43,-1.77,-0.8,-4.08
200911,5.01,7,5.22,5.93,4.86,5.65,4.96,4.81,5.61,6.44
200912,1.4,-1.36,2.08,3.18,3.37,3.81,4.08,4.94,5.46,5.45
201001,2,-2.03,0.28,-2.51,-2.39,-4.07,-4.75,-6.16,-8.15,-6.48
201002,1.42,1.57,1.89,1.62,3.07,4.94,5.68,4.05,6.06,8.46
201003,4.88,4.97,4.45,5.02,5.45,5.42,8.46,11.42,10.3,8.63
201004,0.68,0.71,2.71,0,1.24,1.65,3.05,5.87,3.69,7.05
201005,-8.62,-7.51,-7.72,-6.42,-7.89,-8.88,-8.05,-8.29,-7.42,-9.9
201006,-6.47,-3.61,-3.99,-3.02,-5.28,-7.87,-7.3,-6.66,-6.71,-10.99
201007,6.95,7.27,7.24,5.69,5.58,6.56,8.76,7.98,7.71,10.15
201008,-4.28,-4.39,-4.5,-6.15,-4.13,-4.7,-3.4,-4.22,-6.04,-5.33
201009,10.96,8.6,9.69,8.59,9.66,7.43,9.77,9.79,12.48,13.76
201010,3.89,2.62,1.7,5.74,3.71,4.22,2.93,2.91,5.02,5.51
201011,-0.99,-0.31,0.35,-0.99,0.12,0.49,-0.01,2.36,1.55,6.22
201012,13.95,8.21,6.92,6.62,7.24,4.84,5.55,6.55,6,4.39
201101,4.11,2.9,0.69,3.39,2.6,0.05,1.84,-0.69,2.52,0.63
201102,1.07,0.95,3.05,4.19,3.27,5.84,5.74,3.9,3.38,4.01
201103,-1.67,-1.47,0.16,-0.37,1.58,0.69,0.36,1.54,1.18,2.91
201104,-0.14,4.39,2.39,1.85,3.57,3.57,3.91,2.78,1.58,3.26
201105,-3.57,-1.02,0.18,-1.65,-0.88,-0.86,-1.1,-1.65,-1.52,-2.91
201106,-5.32,-1.56,-2.54,-1.8,-1.12,-2.11,-1.16,-2.07,-0.85,0.02
201107,-4.15,-1.32,-1.08,-3.94,-4.11,-0.07,-3.31,-3.5,-1.72,-1.56
201108,-13.89,-7.8,-3.81,-4.6,-4.67,-3.75,-5.89,-5.96,-7.93,-8.66
201109,-11.83,-7.84,-6.31,-5.31,-6.88,-6.9,-6.27,-9.12,-7.8,-15.9
201110,15.82,16.88,13.2,12.3,11.23,8.54,11.33,9.17,10.23,14.45
201111,-7.65,-4.12,-0.63,-1.86,0.99,0.62,-0.33,1.95,1.31,-1.39
201112,-3.12,-1.72,-1.96,1.66,-0.47,2.63,1.67,-0.08,1.73,-1.06
201201,18.43,10.2,10.74,8.06,8.04,3.89,3.11,2.22,3.51,2.63
201202,6.62,5,4.62,3.74,3.75,4.98,3.66,2.72,5.57,5.83
201203,4.1,2.21,2.37,1.87,3.51,1.56,2.44,3.23,4.03,5.07
201204,-6.31,-6.15,-1.55,-2.19,-1.61,-0.84,-0.15,-0.03,0.36,0.37
201205,-13.1,-12.52,-11.1,-8.05,-6.67,-6.49,-5.65,-2.02,-5.03,-4.84
201206,3.48,2.92,4.72,4.01,3.45,4.45,6.11,3.57,4.17,1.98
201207,-1.98,-2.66,-0.15,0.27,-0.37,1.03,1.65,-0.66,1.77,2.53
201208,2.26,5.79,4.32,3.93,5.03,3.21,2.36,1.27,-0.5,3.92
201209,3.53,4.39,4.36,3.61,1.27,1.13,3.3,2.39,2.89,2.22
201210,-4.07,-0.49,-0.17,-1.2,-0.73,-1.73,-3.24,-0.89,-0.68,-6
201211,-1.65,0.47,0.13,1.24,0.53,-0.07,1.2,0.88,0.85,1.66
201212,6.23,3.76,3.44,1.78,2.61,-0.49,0.43,0.78,-0.24,1.97
201301,9.27,7.48,6.42,5.76,5.94,6.98,5.19,6.1,0.75,5.9
201302,-0.73,-0.58,0.37,0.99,1.4,2.04,1.64,1.37,1.8,1.86
201303,5.71,2.33,4.73,3.38,3.8,4.59,2.93,5.11,5.43,5.44
201304,0.82,3.17,-0.05,1.21,1.9,2.24,1.31,2.74,0.58,0.27
201305,4.16,3.56,4.35,1.75,3.15,2.61,2.18,1.97,2.75,4.67
201306,-6.4,-2.03,0.11,-0.25,-1.17,-1.16,0.59,-0.16,-3.01,-4.2
201307,11.99,3.07,3.77,4.15,6.15,5.57,5.53,4.83,8.11,10.05
201308,2.88,-3.21,-3.65,-2.72,-1.57,-3.7,-3.46,-3.02,-2.95,-2.81
201309,1.09,1.96,3.04,3.31,3.79,4.64,4.66,4.9,5.06,7.43
201310,3.65,3.43,3.14,7.04,5.02,4.11,4.12,4.19,3.69,2.32
201311,2.99,2.38,2.79,3.23,3.84,3.43,2.13,3.66,3.8,3.39
201312,2.89,3.63,1.84,1.52,2.65,1.56,3.45,2.14,3.99,2.58
201401,-3.96,-4.58,-5.26,-2.67,-3.96,-2.76,-3.91,-3.33,-1.84,1.1
201402,5.17,3.27,3.99,3.8,4.31,3.93,4.3,5.62,7.69,6.53
201403,1.57,2.23,2,1.39,2.84,1.19,0.76,0.47,-2.38,-6.05
201404,0.89,3.1,1.73,2.19,2.24,-1.79,-1.15,-2.65,-1.88,-3.38
201405,1.8,-0.62,1.55,1.32,1.57,3.04,3.09,2.41,2.9,3.91
201406,6.05,1.58,3.26,1.16,2.47,2.29,2.35,2.28,2.8,5.64
201407,-2.92,-0.41,-1.58,-2.28,-1.49,-3,-2.78,-2.31,-2.55,-0.49
201408,5.15,4.37,4.03,4.34,4.36,3.7,4.05,4.13,4.02,5.43
201409,-7.34,-2.83,-1.96,-1.33,-2.04,-1.66,-1.81,-1.49,-1.96,-2.47
201410,2.22,3.46,2.08,0.57,3.03,3.38,3.41,3.43,1.22,2.29
201411,0.25,-0.19,2.81,1.57,3.13,0.36,3.06,2.26,3.27,3.96
201412,-1.36,-1.25,-0.71,0.03,-0.03,0.89,1.21,0.11,0.6,-2.25
201501,-7.77,-5.18,-3.46,-4.48,-5.01,-4.35,-4.52,-2.35,-2.94,0.67
201502,11.34,8.27,7.15,7.48,7.36,6.1,4.54,5.37,5.01,6.19
201503,-4.75,-1.79,-2.13,-1.25,-1.55,-1.33,-1.62,-0.03,-0.43,-0.99
201504,10.74,5.33,3.78,2.77,2.57,1.77,0.21,-0.5,-1.27,-2.45
201505,-8.03,-3.7,-1.38,0.44,-0.11,2.24,2.18,2.58,2.58,4.6
201506,-5.57,-2.97,-3.17,-2.41,-1.61,-2.18,-0.66,-1.61,0.19,-0.54
201507,-18.17,-8.34,-4.91,3.41,1.69,1.31,2.98,3.6,4.93,1.93
201508,-2.81,-6.16,-3.69,-5.72,-6.64,-6.2,-6.41,-6.36,-6.35,-6.43
201509,-15.95,-7.51,-4.4,-4.24,-2.37,-0.93,-2.58,-2.84,-1.88,-3.21
201510,12.29,10.25,7.68,7.16,9.04,7.1,8.76,6.17,6.31,6.94
201511,-4.17,-0.13,-1.26,-0.32,0.65,1.06,0.71,1.03,0.79,1.31
201512,-4.32,-6.58,-5.64,-2.05,-2.57,-3.61,-1.05,-0.7,-0.73,-1.21
201601,-13,-5.1,-7.88,-4.85,-4.11,-7.06,-5.99,-6.83,-4.08,-6.24
201602,3.49,2.66,1.31,3.93,1.71,1.3,-0.13,-1.55,-1.05,-3.23
201603,10.98,12.69,8.63,9.01,8.6,6.39,6.03,6.12,6.1,5.84
201604,18.11,6.53,3.67,5.04,-0.99,2.23,1.89,0.52,-0.17,-1.6
201605,-1.63,0.53,1.66,0.68,2.93,0.96,1.04,1.33,1.87,3.59
201606,-0.17,-2.94,-3.64,-3.95,-1.71,-1.61,0.13,2.47,3.4,0.88
201607,7.96,9.69,6.16,6.05,4.37,4.39,2.6,2.39,3.12,4.23
201608,5.03,2.88,2.61,1.44,1.33,1.62,-0.01,-0.32,-1.71,-1
201609,4.82,1.84,-2.63,1.08,0.4,-0.8,0.45,0.35,-0.74,3.12
201610,-8.79,-3.41,-0.44,0.84,-1.01,-1.32,-3.12,-2.2,-2.18,-5.3
201611,8.7,9.14,10.66,3.9,7.06,2.75,2.99,1.3,2.49,7.54
201612,-0.06,1.06,1.81,2.71,2.03,2.27,2.5,2.08,0.78,-0.42
201701,3.63,2.88,1.7,2.44,2.02,1.28,1.64,1.56,0.77,3.65
201702,2.67,4.53,4.27,2.92,4.34,4.17,2.79,4.26,0.7,0.01
201703,-1.83,-0.01,0.47,0.75,0.94,1.08,-0.96,0.31,-1.66,0.44
201704,1.49,-0.3,0.94,3.5,1.58,0.16,0.82,1.54,0.9,0.23
201705,-4.45,-1.59,1.93,-0.33,1.54,2.65,-0.33,2.68,0.2,3.51
201706,4.76,0.36,1.12,0.69,1.78,0.73,-0.13,1.97,-1.07,0.85
201707,0.92,1.32,1.56,0.85,0.94,0.8,1.01,2.81,4.24,2.99
201708,-3.22,-2.91,-1.46,0.53,-1.16,1.33,0.78,0.97,2.34,0.14
201709,6.99,3.73,4.07,3.28,2.67,2.65,2.08,1.27,0.89,4.23
201710,-3.17,-4.64,1.26,-2.45,0.68,4.99,3.03,2.06,4.45,5.66
201711,10.48,2.88,4.18,3.5,3.81,2.38,2.08,3.79,2.59,3
201712,1.05,4.62,2.64,2.03,2.18,1.23,0.24,1.08,0.18,-0.6
201801,-1.11,3.19,3.13,3.56,3.1,5.33,4.25,8.01,5.34,11.84
201802,-7.29,-6.22,-6.68,-6.3,-5.91,-4.01,-2.28,-2.66,-1.06,-1.44
201803,-0.8,-1.3,0.06,-1.23,-1.38,-1.53,-3.35,-2.87,-2.47,-3.19
201804,2.93,-0.11,-1.71,0.6,1.18,0.87,-0.34,-0.26,1.04,1.39
201805,0.91,-0.59,0.6,1.45,2.18,2.58,3.21,1.04,4.44,7.3
201806,4.09,4.07,1.21,0.97,-0.57,0.42,0.49,-0.06,-0.87,0.49
201807,2.36,3.14,6.24,3.57,4.59,5.46,4.17,0.72,3.5,0.95
201808,0.07,1.34,1.06,0.26,2.87,2.03,1.29,7.54,6.12,10.01
201809,-1.05,-0.04,0.49,1.06,-0.3,-0.27,0.13,-0.13,1.75,-0.63
201810,-8.99,-6.68,-5.19,-6.68,-4.8,-6.1,-5.75,-7.41,-7.15,-15.79
201811,-0.8,0.82,1.61,3.43,4.38,3.7,3.03,-2.46,1.26,1.65
201812,-11.91,-13.08,-9.2,-11.05,-9.41,-10.22,-8.74,-8.45,-8.9,-8.34
201901,19.73,18.03,14.69,11.13,8.93,7.62,6.44,6.46,6.25,10.84
201902,7,1.98,2.75,3.27,3.79,2.5,3.61,2.18,5.16,5.04
201903,2.94,-1.11,-0.67,-1.47,1.94,1.3,0.73,3.38,1.83,0.49
201904,3.87,5.49,6.67,3.76,7.86,6.02,4.03,1.72,3.77,0.8
201905,-17.58,-13.15,-12.26,-9.72,-8.15,-6.33,-6.13,-7.28,-3.54,-3.53
201906,10.81,10.91,9.19,6.54,7.64,7.79,7.18,6.25,6.57,6.62
201907,-4.42,1.06,-0.48,1.92,0.81,3.51,2.31,-0.61,0.52,1.99
201908,-13.46,-9.09,-7.01,-7.18,-3.59,-5.68,-1.58,-0.71,0.93,-0.31
201909,5.21,5.44,5.82,5.2,0.33,3.12,4.54,1.29,0.28,-3.03
201910,-4.23,4.21,3.06,4.46,3.57,4.8,1.85,1.59,1.02,-0.55
201911,5,5.94,6.87,5.87,5.95,2.76,4.51,1.6,2.92,3.57
201912,10.97,4.95,3.11,3.83,1.62,2.78,2.51,2.59,2.28,4.6
202001,-10.28,-6.66,-3,-2.97,0.86,0.95,-1.06,-0.7,3.12,3.3
202002,-12.56,-7.08,-5.26,-10.32,-8.16,-8.56,-8.12,-8.98,-8.2,-6.55
202003,-27.98,-31.26,-20.02,-17.6,-14.69,-15.04,-10.76,-12.08,-13.64,-9.46
202004,43.47,22.12,14,16.56,10.29,12.38,15.37,11.51,12.22,14.72
202005,-1.44,7.4,4.17,7.73,2.96,6.56,4.88,5.63,4.31,6.66
202006,18.48,5.68,0.85,1.41,0.13,-1.18,-2.54,-0.21,0.52,8.02
202007,-7.16,-0.87,-1.44,0.75,1.76,5.18,4.6,6.25,6.85,7.97
202008,4.04,6.54,5.5,3.77,6.17,4.4,4.8,5.99,7.1,11.46
202009,-7.58,-6.67,-5.39,-4.34,-2.5,-0.96,-2.1,-0.67,-3.92,-6.06
202010,-4.73,1.37,3,1.11,-0.39,-2.87,-2.94,-2.81,0.18,-3.74
202011,37.14,27.72,20.66,18.02,15.47,13.95,11.09,10.75,9.86,10.4
202012,8.13,7.11,6.93,7.44,4.81,3.21,4.51,3.96,1.82,6.39
202101,6.47,-0.67,1.05,-0.68,-1.9,-1.48,-5.1,-0.55,0.73,2.11
202102,19.72,7.9,7.13,7.37,3.25,3.87,4.97,1.57,1.36,-2.76
202103,7.21,6.48,6.57,5.66,6.63,6.18,5.23,2.03,0.95,-4.02
202104,2.18,2.35,5.64,7.08,6.81,5.35,4.48,3.42,5.38,4.52
202105,-0.04,1.49,-1.32,1.41,1.81,-0.33,2.03,2.17,1.9,-4.78
202106,2.31,0.5,1.68,4.98,-0.52,4.35,1.5,-0.86,2.18,8.94
202107,-0.31,1.71,3.41,3.27,1.55,2.17,-1.24,-0.94,-2.03,-0.47
202108,-0.27,2.04,2.57,4.09,2.5,1.48,4.38,5.98,3.66,3
202109,-3.5,-5.31,-5.97,-4.62,-3.62,-4.5,-4.21,-3.15,-2.76,-3.2
202110,2.76,3.6,6.56,6.13,6.93,5.7,13.86,9.08,6.37,3.94
202111,-7.68,-1.04,-3.34,3.49,-2.06,-3.49,0.44,-5.17,-2.44,-2.2
202112,3.62,6.9,3.34,6.95,4.89,4.55,4.23,3.2,-0.81,-6.35
202201,-7.4,-1.16,-2.15,-5.98,-5.5,-4.99,-7.09,-6.53,-7.16,-10.96
202202,-7.39,-0.66,-0.74,-3.48,-1.4,-5.05,-2.54,-1.97,-1.23,0.64
202203,-0.2,-0.33,0.3,1.16,2.84,2.29,4.28,3.69,4.86,5.11
