Date,SMALL LoBM,ME1 BM2,SMALL HiBM,BIG LoBM,ME2 BM2,BIG HiBM
192607,1.0874,0.9349,-0.0695,5.7168,1.962,1.4222
192608,0.703,1.23,5.3842,2.7154,2.693,6.3154
192609,-2.9117,-0.1303,-0.4374,1.4287,0.0704,-0.7967
192610,-3.8196,-4.586,-2.0112,-3.5898,-2.3398,-4.097
192611,3.1806,3.7233,2.0944,3.1292,2.8952,3.4614
192612,2.6862,1.9547,3.2639,2.9678,2.6016,2.395
192701,-0.7991,-0.4209,3.9316,-0.2621,0.0358,4.4635
192702,3.7129,6.1231,6.6192,5.0044,3.5692,8.6305
192703,-1.8324,-1.6153,-3.1676,1.3025,0.2287,-2.4764
192704,-1.5412,1.2685,3.4796,3.051,-0.7753,-0.5452
192705,5.4586,3.5902,13.3256,5.4076,5.0903,7.4921
192706,-1.5517,1.4073,-3.9474,-0.9628,-3.0138,-1.6326
192707,4.2702,5.2347,3.9846,9.2637,6.7228,7.2603
192708,2.4503,-2.2044,0.86,3.9309,1.2184,-1.9651
192709,2.2496,2.2316,0.399,5.3697,4.4213,5.9674
192710,-0.2072,-2.1458,-5.8357,-3.5889,-4.3444,-6.6219
192711,10.3238,8.062,10.2275,7.0845,6.7295,6.6346
192712,5.701,2.6016,2.4506,2.4925,1.862,3.4755
192801,3.2211,2.7804,3.5948,-0.4427,-0.416,-2.3168
192802,-4.8858,-1.7203,-4.1271,-0.6772,-1.1358,-2.7296
192803,7.3978,8.6229,9.457,12.3241,6.1,7.8254
192804,4.665,10.6845,9.9723,2.9336,5.9573,4.4979
192805,7.1742,1.954,2.574,2.575,-0.0551,0.6388
192806,-8.5829,-8.3044,-6.8294,-3.604,-4.1281,-5.4164
192807,-0.4048,-0.3636,-0.8867,1.359,0.1188,0.8312
192808,6.124,4.9813,3.699,8.7368,5.3973,6.8565
192809,5.7317,4.4758,6.1762,2.9576,1.9499,4.2317
192810,6.8299,3.1376,1.6621,1.359,1.4018,2.1979
192811,8.6705,11.1328,12.2831,11.1602,13.3096,12.9505
192812,0.9055,-0.6882,-0.6462,0.9332,0.0161,1.1879
192901,-0.034,1.85,1.448,6.5262,4.8424,2.5673
192902,0.7414,1.1026,0.382,-0.5791,0.8461,3.0915
192903,-5.9533,-3.4099,-4.0571,-1.3835,2.222,-0.1243
192904,-0.0822,2.8082,0.5004,2.2172,1.1121,2.808
192905,-10.2009,-9.4284,-12.5598,-5.7297,-4.151,-6.2127
192906,6.9673,9.3803,6.4064,12.4593,9.3568,7.4384
192907,-0.0602,-0.6367,3.8633,3.5656,6.2018,4.9529
192908,-0.7741,-0.5429,-0.4544,7.272,12.543,6.9497
192909,-4.2711,-4.2824,-3.6218,-4.4211,-4.9685,-6.3175
192910,-21.5559,-19.2947,-19.8329,-24.1865,-14.0943,-10.3723
192911,-16.1934,-9.7481,-12.3366,-14.2535,-10.9314,-7.6677
192912,-2.7485,-3.5662,-1.8488,3.3988,0.551,1.317
193001,6.0455,9.5581,8.4631,7.1735,3.3849,2.9221
193002,1.7451,1.0483,4.3779,3.4639,1.9009,1.2221
193003,8.6368,11.3525,10.7647,6.816,8.3445,5.3573
193004,-7.0717,-1.2287,-3.4814,-2.361,-1.7312,-6.6523
193005,-3.6161,-2.42,-2.9578,0.7061,-2.2694,-1.365
193006,-17.4935,-16.4711,-18.9287,-17.849,-13.1218,-11.8439
193007,6.5208,3.728,2.5801,4.4017,4.2198,5.2644
193008,-3.7646,-1.6135,-2.5297,1.1969,-0.8,-1.6232
193009,-13.6823,-14.6721,-19.1597,-12.0325,-11.7394,-17.0858
193010,-10.1007,-7.6801,-10.8088,-9.4278,-7.3264,-11.4835
193011,0.2231,-2.7838,-2.58,-2.3616,-2.8339,-6.6002
193012,-10.4113,-11.0266,-17.2599,-5.8057,-9.1776,-9.7245
193101,9.8982,11.3602,15.2875,4.717,6.9823,13.5911
193102,13.1802,11.6577,17.0806,12.8706,6.7357,12.1756
193103,-4.3393,-2.9204,-6.9895,-4.1971,-10.3577,-8.8826
193104,-12.8802,-14.0212,-18.2717,-8.8412,-11.107,-11.349
193105,-9.6516,-8.7006,-13.8529,-11.3932,-15.9343,-20.363
193106,10.1107,7.7295,20.3832,12.8509,16.1956,25.2657
193107,-8.5867,-8.9411,-5.7543,-5.1668,-10.1657,-12.4134
193108,-1.6114,-1.1797,-3.7141,0.8986,-1.5814,-0.0735
193109,-26.5722,-30.0521,-33.8737,-28.8671,-28.1826,-34.8965
193110,4.2319,9.2071,5.4616,9.5401,3.3098,11.2351
193111,-7.7335,-7.2915,-9.3774,-6.1288,-16.6228,-14.6043
193112,-13.7987,-16.5088,-22.3956,-11.5667,-18.7945,-21.0729
193201,2.4924,3.9264,10.4927,-3.4347,1.9077,6.8795
193202,-2.4754,1.9822,1.3694,7.1142,1.7082,0.6498
193203,-10.5259,-12.1366,-10.62,-10.2031,-15.1191,-14.9949
193204,-19.3072,-17.1449,-16.0307,-18.1275,-20.125,-18.773
193205,-17.1387,-24.84,-16.8918,-19.2184,-25.8978,-26.1101
193206,0.954,6.2481,0.9934,-1.711,0.0543,9.2822
193207,31.5257,36.1125,63.1945,28.1983,48.655,67.7486
193208,46.2878,55.3725,83.4957,31.3379,50.9716,62.6122
193209,-1.6614,-4.5841,-12.4928,-1.0435,-6.5249,-4.9399
193210,-15.8052,-19.645,-23.8446,-10.7558,-17.4936,-23.3789
193211,-0.4275,-8.2786,-13.1841,-2.7209,-8.9758,-16.194
193212,-6.9549,-4.2529,-11.112,6.8555,1.1781,-4.4353
193301,5.009,1.3914,8.045,-0.0131,2.9071,9.6714
193302,-17.3761,-18.4137,-20.862,-14.9526,-16.5842,-17.3652
193303,6.8621,6.1577,16.0253,0.96,9.8378,6.8707
193304,40.7625,54.8024,56.5968,33.766,51.9421,57.2289
193305,59.573,62.1965,73.3276,16.9982,26.8017,41.6305
193306,32.7005,23.3035,18.324,11.3873,15.4727,22.2102
193307,-14.1385,-12.9092,-7.2303,-8.8583,-13.0471,-9.2208
193308,10.5585,10.2007,8.2846,10.5958,15.7644,18.8615
193309,-7.6121,-13.5955,-20.857,-9.1454,-12.3456,-19.3866
193310,-8.4949,-12.5408,-14.0569,-6.1614,-10.5774,-17.7448
193311,4.4492,4.6892,6.0824,9.69,12.2601,12.6924
193312,4.7702,4.0074,0.41,2.1093,1.8364,3.3536
193401,21.5203,28.9416,38.4208,9.8669,16.8157,24.1368
193402,-0.2935,1.1685,5.14,-2.3815,-3.1078,-3.81
193403,4.7722,2.0058,-0.0115,-0.0029,-0.1293,-0.62
193404,2.8356,-1.559,-1.7852,-1.778,-2.2937,-4.616
193405,-7.3381,-10.0309,-12.0106,-6.4033,-8.5811,-13.5106
193406,3.7672,-0.0904,-2.3777,2.628,2.4903,2.8615
193407,-17.3647,-21.5042,-24.4638,-8.3133,-11.7051,-23.179
193408,10.4666,9.4125,12.1386,6.0739,4.4464,5.7691
193409,-0.7194,-0.5806,-3.5034,-0.2616,-0.1487,-0.105
193410,-0.1181,-1.638,-4.1646,-0.4198,-2.708,-7.369
193411,16.8822,15.4433,12.5204,10.2415,5.0137,10.6573
193412,4.7555,1.7554,1.5157,0.7502,0.5333,-2.2372
193501,-5.6764,-3.3988,-3.0297,-3.0068,-2.8838,-9.3128
193502,-3.0567,-4.8589,-5.9421,-0.8619,-1.6838,-12.9875
193503,-5.9877,-7.4692,-11.3472,-2.969,-3.3289,-7.7499
193504,6.8094,9.3484,10.4228,8.0309,9.8871,13.0598
193505,-2.4006,2.3317,1.7404,3.1378,4.339,3.957
193506,6.2097,5.9262,0.7396,6.3786,5.6136,8.0813
193507,9.6466,12.9004,12.8063,6.9882,6.3103,17.1148
193508,3.627,8.9747,14.248,2.5694,2.1967,3.7475
193509,5.0664,5.6733,0.6123,4.6757,0.6691,1.1198
193510,11.0819,11.1365,6.7795,6.6016,7.9624,6.0328
193511,6.8537,10.0809,18.7795,3.0389,5.6181,14.5739
193512,5.8168,10.6017,2.2376,2.9835,5.789,8.6858
193601,10.6869,7.4986,22.3938,3.2881,9.5357,12.2406
193602,2.3177,6.8787,6.8622,1.9137,2.7845,7.1039
193603,0.2531,2.4962,0.6665,2.6378,0.0635,-1.0088
193604,-14.3456,-14.1829,-15.4212,-7.1563,-8.3393,-10.2494
193605,5.0647,5.7053,8.6469,5.0578,5.1044,6.5508
193606,-2.1381,-0.3153,-1.2037,3.6325,2.1425,0.2676
193607,10.6162,7.6109,9.1117,5.9223,6.1944,12.2302
193608,0.6495,2.3128,4.2542,0.2957,0.7751,4.3352
193609,2.2001,5.0224,4.4729,0.9204,1.1017,0.4389
193610,3.7228,6.4549,6.4085,6.4131,8.8046,8.6681
193611,10.86,9.167,12.3194,3.384,3.1595,-0.494
193612,2.0887,3.4888,7.8447,-1.8229,2.3315,1.0214
193701,7.2377,7.3811,9.7396,3.6113,1.3942,6.3255
193702,3.2555,1.7107,5.7398,-0.2074,0.7979,6.9733
193703,-3.0335,-0.0671,2.1573,-1.7368,-0.2135,6.0777
193704,-10.1096,-11.6098,-13.4753,-6.8185,-6.1171,-10.7653
193705,-0.3784,-0.9887,-4.1217,0.2448,-0.7188,-2.9785
193706,-7.2258,-7.7359,-10.6078,-4.1508,-2.7127,-7.4383
193707,10.9496,9.0498,10.7965,9.2027,7.9624,10.9736
193708,-4.6506,-5.0111,-5.5952,-4.21,-4.5881,-7.7724
193709,-20.8407,-21.0548,-23.0629,-12.3496,-12.4016,-19.2657
193710,-10.805,-10.4704,-9.6555,-10.1749,-7.5734,-14.4157
193711,-11.5365,-12.04,-11.8188,-8.7393,-7.704,-8.1625
193712,-14.1024,-10.5559,-12.2871,-4.1175,-2.8797,-6.7316
193801,4.9994,6.1383,3.739,1.3091,-0.3181,-0.6467
193802,8.4176,5.7523,4.7774,6.3853,5.3777,5.995
193803,-29.9354,-29.1645,-30.2127,-23.5181,-22.4566,-30.3243
193804,22.08,20.8818,20.4977,13.8077,14.4352,15.8488
193805,-7.4731,-7.793,-5.5133,-3.5564,-3.6491,-6.0495
193806,31.2731,30.6697,27.6117,25.7265,20.9133,30.0253
193807,13.4073,14.4896,15.3633,6.7739,7.3746,9.0979
193808,-4.6028,-5.1113,-9.2856,-0.4265,-6.0369,-5.2018
193809,-1.8733,-2.5023,-2.7862,1.3521,0.629,-0.964
193810,14.0911,14.7573,16.9041,6.9335,7.1859,14.2576
193811,-5.2001,-2.6663,-5.9225,-1.1511,-2.0639,-2.8554
193812,6.0128,3.7143,1.5522,3.3432,4.5456,8.8679
193901,-8.0482,-8.9052,-10.1457,-5.225,-6.2127,-11.0569
193902,3.9084,5.0675,6.2899,3.3739,3.1053,6.8758
193903,-17.785,-18.4864,-22.8516,-9.8064,-13.6843,-21.4823
193904,-0.4839,0.1285,1.9743,-0.1313,-0.0713,-3.1673
193905,11.2711,9.0561,9.8655,6.8876,5.6277,9.3449
193906,-6.8211,-7.9144,-10.6753,-4.3922,-6.5976,-11.4469
193907,15.7584,16.6942,13.6444,11.3223,8.3215,14.0492
193908,-12.282,-11.99,-12.61,-6.314,-5.875,-10.648
193909,38.6607,39.312,54.9528,13.5766,16.4764,41.0469
193910,0.2246,-0.5808,-5.0048,0.0329,-0.7808,-4.1439
193911,-8.1312,-9.4,-13.814,-2.6144,-3.5612,-9.4969
193912,6.134,3.0222,0.3533,3.5549,2.3993,0.9465
194001,-4.2236,-2.1299,-2.7571,-2.1574,-2.3473,-5.8077
194002,4.1007,4.3854,3.1703,1.2499,1.1804,2.5597
194003,4.6739,2.8558,2.2719,2.3742,1.4532,2.1891
194004,4.9237,3.1919,4.0938,-0.1273,0.1265,0.1888
194005,-27.6739,-27.4455,-32.4414,-22.0769,-20.7063,-24.9482
194006,3.8867,5.0123,7.9865,4.9558,8.4952,8.6068
194007,4.717,4.7132,3.3227,3.3873,3.0418,3.299
194008,2.0524,3.1807,1.8886,2.1928,1.7831,3.4847
194009,5.3698,4.5102,5.2039,3.1522,1.21,1.0582
194010,4.2145,5.6688,6.2944,0.8953,6.3562,8.0971
194011,1.1473,0.5449,0.1738,-1.9212,-1.3367,-0.7062
194012,-0.8918,-1.4748,-2.2785,0.5934,1.017,0.1971
194101,-4.4429,-2.6469,-0.3066,-5.0365,-3.8489,-1.5198
194102,-3.4695,-1.7922,-2.8879,-1.5847,-1.4892,-0.389
194103,0.5236,1.1221,3.7745,0.5444,1.212,3.378
194104,-7.5563,-5.3913,-5.2001,-6.497,-4.5637,-2.035
194105,1.7628,0.6819,1.5458,0.9481,2.6345,2.3634
194106,4.1184,6.1735,8.46,6.1753,5.6174,3.0109
194107,10.4387,10.1704,18.5406,3.7262,8.1838,10.1236
194108,-1.1591,-2.1325,-0.3954,0.6862,-0.8566,-2.2697
194109,-3.0405,-1.8364,-1.9489,-0.0105,-2.1937,-1.6652
194110,-5.8203,-6.272,-6.0101,-6.0976,-3.2927,-2.6528
194111,-1.0629,-4.1817,-2.921,-2.2704,-0.5645,-1.6913
194112,-5.4399,-8.4849,-12.6548,-4.6824,-3.5964,-9.3443
194201,6.7111,10.7419,14.4866,-1.7916,0.505,10.6422
194202,0.5247,-1.1191,-1.7045,-2.3068,-2.7966,-2.3449
194203,-4.7636,-3.6838,-5.7196,-5.83,-7.5457,-6.1045
194204,-6.1855,-3.8062,-3.7407,-4.5876,-4.4955,-2.8527
194205,0.1524,2.0643,1.65,7.4477,4.9379,0.6445
194206,1.0092,1.401,2.3613,3.0527,2.6059,2.7837
194207,5.168,3.7957,5.1628,2.6633,4.3518,7.5386
194208,2.2429,2.5502,2.6755,1.7326,1.7083,4.0973
194209,2.1868,2.8304,5.723,2.6103,2.8379,3.6312
194210,8.291,7.8673,14.295,5.3199,7.8413,12.051
194211,-1.0955,-2.4173,-3.6599,1.075,0.302,-4.4676
194212,2.6024,3.9731,2.5537,4.8865,5.9094,6.0198
194301,11.6914,14.0479,23.8171,5.378,7.9273,9.6145
194302,10.8494,9.1703,17.1049,4.7964,7.0206,11.1993
194303,10.9334,11.4117,15.0374,4.1108,7.1624,11.0325
194304,-0.9484,2.6598,7.9768,-0.0896,1.2094,2.5047
194305,8.8391,8.8556,13.1774,5.0179,5.7205,7.1079
194306,-0.2795,0.8519,0.5096,2.1705,1.9597,-0.009
194307,-5.1017,-6.6844,-9.0831,-4.7635,-3.6753,-5.3886
194308,0.3567,0.0693,0.7947,1.5042,1.3067,0.2062
194309,2.9396,3.0597,5.4108,2.1982,2.7385,2.5854
194310,-0.6832,-0.3305,0.7552,-1.4439,-0.9575,0.3918
194311,-7.0715,-7.8966,-10.5743,-4.76,-6.587,-9.3114
194312,7.2024,10.5199,12.0698,5.6723,6.9326,7.259
194401,5.0015,4.6528,5.2702,0.8163,1.6193,4.8802
194402,1.3581,0.9303,0.6429,0.0507,0.7861,2.4248
194403,2.0085,3.6971,7.6668,2.2053,2.5659,3.4133
194404,-1.9868,-2.8953,-4.0867,-1.3977,-1.871,-1.5629
194405,5.8092,7.2326,7.0391,4.6074,5.0158,5.465
194406,9.3865,9.6453,10.4388,4.9317,5.1769,7.3842
194407,0.2365,-0.9389,-1.552,-1.6597,-1.4787,-0.8375
194408,4.5097,4.3583,1.8434,1.3601,1.2556,1.146
194409,1.3663,-0.2233,0.002,0.3366,-0.2562,-0.2435
194410,0.2932,0.555,-0.4807,-0.0685,0.8407,-0.0829
194411,0.6088,3.0068,3.6449,1.1705,2.2483,3.1649
194412,5.8775,6.7087,10.7627,2.4991,4.5123,9.6992
194501,5.422,5.086,4.0232,0.7586,3.039,3.4172
194502,6.6197,8.7828,10.4391,5.1485,6.1444,9.9868
194503,-4.4531,-6.385,-6.2599,-3.1945,-4.3701,-4.7147
194504,7.592,9.0353,9.9633,6.76,8.0276,10.8652
194505,2.745,2.128,4.0566,2.0112,1.0423,1.4259
194506,2.9301,2.5942,6.6739,-1.2101,0.7163,3.4995
194507,-3.0594,-3.5611,-5.4735,-1.4266,-1.8413,-4.2511
194508,7.761,7.823,4.813,8.5886,4.3161,3.0064
194509,6.563,6.7762,6.3306,4.5548,4.3932,5.634
194510,6.1752,6.6457,7.1985,2.3629,4.9134,5.6065
194511,9.342,9.7473,11.428,2.8819,5.9904,8.7155
194512,4.0814,3.1082,1.6692,1.7707,1.1538,-0.3677
194601,9.6521,8.9142,12.2513,6.0984,4.5288,8.4635
194602,-6.2301,-6.8443,-7.3297,-5.8802,-4.6835,-7.7026
194603,6.5063,5.9328,5.6932,5.1627,7.2051,4.8957
194604,4.3708,7.9091,6.3104,3.7606,5.3312,2.4607
194605,6.7327,5.0325,5.839,3.1851,3.3884,6.645
194606,-4.6884,-5.1196,-5.9474,-4.4139,-2.6636,-3.9433
194607,-4.823,-3.8418,-5.0232,-2.7259,-2.3774,-2.3882
194608,-8.496,-8.2229,-7.5082,-6.3142,-6.2065,-6.1978
194609,-13.9706,-13.4864,-15.7756,-9.7783,-8.4493,-11.8073
194610,-3.1786,-1.0714,0.7589,-2.5023,-1.7605,0.48
194611,-1.5735,-0.6742,1.3003,-0.2321,0.7647,-0.1738
194612,5.7084,4.6134,4.3376,5.2767,5.217,3.9343
194701,4.5305,2.4272,3.2753,2.1741,-0.4905,1.9613
194702,-1.2703,-0.6043,0.873,0.071,-1.3311,-1.7817
194703,-3.3564,-3.4273,-2.3985,-1.793,-1.0154,-1.5219
194704,-9.3357,-7.9219,-8.095,-5.1304,-3.6729,-4.6654
194705,-5.22,-3.9661,-3.6097,-1.1203,0.179,-2.0662
194706,4.3188,5.3287,5.0277,6.4523,4.5569,4.5555
194707,5.2344,6.3337,7.0484,3.5118,3.4853,7.3342
194708,-1.8585,-1.5408,-1.1507,-1.8587,-1.456,-2.1997
194709,0.4098,0.3595,2.6373,-0.6744,-0.6558,-0.1814
194710,3.5397,3.3029,2.9041,2.2304,2.9955,3.0043
194711,-4.4555,-3.4527,-2.5478,-2.0816,-1.4791,-1.7796
194712,0.1759,1.3771,3.0769,2.0173,3.4628,6.5408
194801,-1.7489,-2.4805,-0.1724,-4.539,-4.0364,-3.336
194802,-5.9905,-6.3838,-5.811,-4.6491,-3.6881,-4.6973
194803,6.4133,8.3056,12.234,7.8154,7.7196,11.0026
194804,1.2935,2.8029,4.686,2.2742,4.3656,7.0963
194805,9.3433,8.7069,7.4827,8.505,6.4626,7.8323
194806,-2.8594,-1.6291,0.4448,-0.6228,0.3282,1.7011
194807,-5.0394,-5.1847,-5.4277,-5.0109,-5.31,-4.3526
194808,-1.2187,-0.5006,-0.3647,0.877,-0.2112,0.5907
194809,-2.9725,-4.2029,-5.4006,-2.7272,-2.4449,-3.726
194810,4.065,4.5972,5.3752,6.4318,5.848,6.2724
194811,-9.6917,-9.6576,-12.909,-8.3439,-8.7315,-13.3862
194812,1.377,0.0153,0.1269,4.9312,2.7612,2.2947
194901,1.2533,1.9093,2.9558,0.5644,-1.0823,1.3304
194902,-5.4013,-3.964,-5.5692,-2.4792,-2.7256,-4.0374
194903,6.3941,5.6206,8.151,4.2292,3.4034,5.0451
194904,-1.6677,-2.9624,-3.3838,-2.076,-0.6601,-2.6169
194905,-3.8322,-3.6915,-5.1082,-1.8599,-3.0887,-5.3144
194906,-1.3849,-1.3227,-1.1187,1.1072,0.2508,-2.4522
194907,6.4991,7.2103,5.7109,5.2446,5.7661,6.7605
194908,3.2778,3.5448,1.9028,2.7176,2.7783,2.8453
194909,5.4115,4.1798,4.2017,2.6496,3.6203,4.3444
194910,5.086,3.4831,4.1465,3.2656,3.0499,3.2702
194911,0.4606,1.0058,0.0234,2.9316,0.178,1.4333
194912,6.939,6.5348,8.867,5.3244,3.7878,6.977
195001,7.2216,4.6563,4.6481,0.8634,1.9489,3.6975
195002,1.6427,1.9791,0.5251,1.5742,1.4739,1.0748
195003,2.4311,-1.1095,-2.0098,1.921,0.9421,0.7463
195004,5.809,5.359,7.5595,4.3505,3.0037,5.3497
195005,1.6118,2.7917,3.0283,4.6314,5.0374,4.1086
195006,-7.052,-7.861,-8.9549,-5.457,-6.334,-5.0076
195007,0.9915,3.3977,11.6038,-3.4767,4.368,13.0375
195008,4.5476,5.5421,5.0419,6.0952,4.1434,2.6001
195009,5.7172,4.8995,4.9267,5.7728,3.8597,4.4333
195010,-0.3128,-0.2319,0.3019,-0.1764,-0.4761,1.8064
195011,0.2887,2.1217,5.0141,2.4046,3.3461,4.3401
195012,5.1974,7.3812,12.476,3.3433,6.5211,10.792
195101,6.7818,7.0131,10.6312,5.162,5.3804,8.5984
195102,1.8111,1.3185,-0.2098,2.2422,1.8692,-1.4461
195103,-1.5113,-3.2701,-5.6968,-0.7124,-2.7352,-4.7251
195104,2.193,3.799,6.4513,4.4209,5.6776,6.7054
195105,-1.7383,-2.5854,-3.3139,-2.3408,-1.7963,-3.5148
195106,-3.9528,-4.7707,-7.1987,-2.1913,-1.0859,-6.4549
195107,5.3862,5.0818,6.7646,6.7108,7.0273,9.4515
195108,5.9784,5.3969,5.0422,4.2212,4.3186,4.8958
195109,2.3972,2.8739,2.7886,0.5856,0.4118,1.462
195110,-2.0489,-1.6187,-3.3423,-3.7969,-0.506,-2.0471
195111,0.3986,0.4555,0.3477,0.7789,0.6859,0.708
195112,1.1428,0.9709,0.5911,4.2486,3.6198,1.6217
195201,1.6799,1.7973,1.4297,0.4224,2.5282,3.7717
195202,-2.0438,-1.9713,-1.9656,-2.176,-2.7844,-3.476
195203,1.2554,2.2724,3.3327,4.371,4.8323,6.627
195204,-4.7813,-4.833,-4.1123,-4.652,-4.9262,-5.5171
195205,2.2833,2.0772,2.7053,3.7903,2.8315,3.4577
195206,1.6669,2.8792,3.3299,3.9018,4.167,4.7258
195207,0.9702,1.5705,-0.1746,1.2211,0.6928,1.6605
195208,0.0304,0.9596,0.2266,-0.7879,-0.473,-0.9709
195209,0.1735,-0.8012,-2.1912,-1.6986,-2.0741,-2.3742
195210,-0.7374,-1.5835,-1.9705,-0.7482,0.0374,-0.4279
195211,5.5155,5.5213,6.0762,6.2609,5.3574,7.642
195212,1.9113,1.8031,1.7299,3.1486,3.017,3.7045
195301,3.7943,3.5242,3.9666,-0.9102,-0.1896,1.5482
195302,1.3219,2.2121,1.7434,-0.2122,-0.1523,-0.8049
195303,-1.7287,-1.6985,-2.0624,-1.2085,-1.0647,-2.5659
195304,-3.0868,-2.3131,-1.0693,-2.9693,-2.5539,-1.8519
195305,0.7109,0.8933,0.7102,0.8917,0.2878,1.3513
195306,-3.1979,-3.3052,-3.9949,-1.7001,-1.3464,-1.8494
195307,0.8551,1.6284,1.5137,2.9807,2.1072,1.8914
195308,-3.2764,-5.3457,-6.3306,-3.9799,-3.886,-7.996
195309,0.0385,-0.7756,-2.2912,0.9133,0.159,-1.6369
195310,3.142,3.7472,3.0779,5.0798,4.3276,4.6582
195311,1.5292,2.0954,1.2857,3.3543,2.2177,3.2992
195312,0.2591,-1.2819,-2.7596,0.5245,0.3729,-2.0999
195401,4.7348,6.6553,8.1997,4.4649,5.787,7.85
195402,1.0862,1.4795,1.408,1.65,2.1643,0.7601
195403,2.6329,3.1775,2.1357,4.2482,3.4986,1.7485
195404,-0.2482,2.314,0.3977,5.3348,3.3957,4.0054
195405,3.9802,4.2586,5.1167,2.857,2.6224,6.6316
195406,0.5735,1.8043,1.3752,1.8563,-0.3214,1.0567
195407,5.5421,6.9774,9.1082,4.295,5.1437,8.9941
195408,-0.1185,0.1787,-0.887,-2.9947,-0.9225,-4.9917
195409,2.8897,4.7725,4.6674,6.8828,6.5579,6.4643
195410,0.5601,-0.947,-0.7137,-2.2614,-1.0345,0.3434
195411,7.0826,8.9123,9.6613,9.5778,8.1469,15.7986
195412,7.5331,9.3449,11.3905,4.2803,5.8935,11.744
195501,1.5894,1.4987,2.3861,0.0723,0.7623,3.5499
195502,3.8044,5.5378,4.6345,3.0684,2.7444,3.4022
195503,-0.778,-0.4342,0.6753,-0.2787,-0.2654,2.2127
195504,1.6264,1.3503,2.6442,4.0887,1.9671,4.4324
195505,0.5818,0.387,0.4058,1.9461,0.0676,0.1997
195506,2.1083,3.2821,3.5315,6.5865,7.438,8.8422
195507,-1.6321,0.9888,1.3932,2.6436,1.1715,0.396
195508,-0.0701,0.6057,0.2538,0.3402,0.3229,1.4474
195509,-0.7222,-0.4949,-0.321,0.0578,-0.1517,-2.299
195510,-1.4384,-0.8404,-1.1904,-2.8186,-1.9236,-3.2838
195511,5.9972,4.8499,5.2644,8.3322,4.6364,9.7196
195512,3.4725,2.3055,2.5262,1.9789,1.6877,-1.7027
195601,-2.3277,-2.0085,-1.7479,-3.6267,-1.328,-2.3554
195602,1.9377,3.6952,2.4721,4.7654,2.8185,3.46
195603,3.4322,3.788,5.2105,7.8836,5.6897,5.1985
195604,1.2824,0.8361,0.1395,0.107,1.2113,0.8141
195605,-3.398,-4.0495,-4.5641,-5.1203,-4.6358,-6.625
195606,1.0128,2.4822,1.3663,4.3047,3.2463,1.7512
195607,3.3015,3.4431,3.487,5.0843,5.2921,4.886
195608,-0.2011,-0.9125,-2.1606,-3.5294,-2.3423,-3.128
195609,-3.42,-3.031,-2.1743,-5.9388,-3.6359,-3.6675
195610,1.1063,0.9084,0.4412,0.6828,0.7704,1.3266
195611,-0.241,0.1782,2.3069,-0.3993,2.5647,0.566
195612,4.2391,2.0973,2.2399,3.8279,3.1941,1.6689
195701,-0.8313,0.1194,1.9237,-4.4525,-2.6835,-1.6214
195702,-2.6338,-3.2428,-2.6731,-1.5294,-2.0136,-3.0785
195703,2.2804,2.5866,2.3213,2.7037,1.8531,1.6876
195704,2.1887,2.3022,2.3378,5.6107,3.4013,2.603
195705,3.0621,1.2922,1.7308,4.7371,2.5855,1.8248
195706,0.0565,-1.2195,0.7464,-0.123,-1.179,-0.7468
195707,-0.6273,0.8022,0.4256,1.2811,0.5332,1.0783
195708,-4.9836,-4.3781,-5.1912,-5.4514,-3.1885,-6.0634
195709,-7.1005,-4.8467,-5.0458,-6.3295,-4.3608,-6.5429
195710,-8.1775,-5.5761,-8.2617,-3.771,-3.3989,-7.2925
195711,3.2423,1.4767,1.0946,3.0955,2.0244,-0.5021
195712,-4.601,-4.6138,-5.8678,-3.9214,-2.3379,-5.8875
195801,12.2097,10.4827,11.9178,3.3984,5.9799,12.0687
195802,-1.6496,-0.5624,-0.5017,-1.8071,-0.5644,-2.2917
195803,5.0565,3.7888,3.1135,3.4064,3.1873,3.4058
195804,2.948,1.8574,4.3224,3.332,2.4815,5.1872
195805,6.4635,4.1389,4.2645,2.0583,2.6063,3.7347
195806,2.1201,3.2153,2.991,3.1465,2.6654,3.0753
195807,4.2272,5.9423,7.2088,4.3856,3.951,7.609
195808,4.3354,3.0119,3.2656,1.7085,1.8355,3.5333
195809,5.5017,4.3382,7.8041,4.7619,4.3231,8.1716
195810,6.9335,2.8276,2.9487,2.607,2.722,4.1345
195811,7.6723,4.1695,4.0538,3.3185,2.1258,4.5387
195812,2.7461,3.1685,3.8453,4.975,6.9365,3.9448
195901,4.4917,5.0998,5.6584,-0.6209,2.7242,4.0781
195902,2.3973,3.5251,2.8988,0.4613,1.7257,2.2671
195903,1.606,1.6795,1.728,0.7407,-0.1234,-0.0759
195904,3.777,3.4656,2.133,4.7089,2.5866,3.8935
195905,-1.407,0.4785,1.3712,2.7434,0.5848,3.5877
195906,1.7232,0.5854,1.8278,-0.3827,0.3588,2.1358
195907,2.1952,2.7946,3.5675,3.9908,2.3925,3.0828
195908,-1.8317,-1.2365,-1.9708,-1.3549,-1.0047,-0.3839
195909,-5.3951,-4.4816,-4.0152,-5.0254,-3.2634,-5.3237
195910,3.9778,2.5273,1.1803,1.4464,1.7512,0.1319
195911,3.8377,1.9883,0.6327,3.0126,-0.102,-0.1725
195912,3.426,2.3697,2.1182,2.9781,2.5116,4.16
196001,-5.8167,-3.1708,-2.967,-8.2071,-4.3931,-5.5931
196002,2.0494,1.358,0.6432,1.3139,2.2903,-1.0929
196003,-2.2401,-2.4579,-3.7901,-0.8789,-1.0768,-5.0967
196004,0.1366,-2.1491,-2.9431,-1.5721,-1.3525,-3.0143
196005,5.2614,1.7041,2.5531,4.31,1.8242,-0.2716
196006,2.3744,2.4219,1.7199,2.5669,1.7271,2.7993
196007,-3.2061,-1.8709,-1.4318,-3.4829,-0.2883,-1.329
196008,4.1735,3.3948,4.1669,2.7436,4.1422,2.3076
196009,-7.6558,-5.917,-6.0058,-6.7427,-4.3629,-5.1993
196010,-6.7183,-2.4412,-2.762,-0.6068,-0.0356,0.9197
196011,6.5493,4.8418,3.1327,5.4217,4.0096,3.9824
196012,4.1529,3.4972,2.4035,3.5605,7.3672,3.7117
196101,7.4118,7.8503,9.6199,4.9281,7.7428,10.0509
196102,7.771,6.4365,7.3587,4.015,2.6082,3.1311
196103,7.362,4.9387,5.9946,2.1809,4.0635,2.0627
196104,1.136,0.0176,2.3956,-0.3037,1.1023,2.5359
196105,3.5699,5.0569,4.8259,3.1983,1.4829,2.7989
196106,-5.8585,-4.4798,-5.5313,-2.2743,-3.2112,-2.9471
196107,-0.3326,1.2461,1.3313,3.1388,3.5294,1.1069
196108,0.742,0.3556,1.1012,3.2115,1.9705,2.3178
196109,-4.6634,-3.1595,-3.3019,-1.1508,-3.0405,-3.7848
196110,1.1412,3.2762,0.2788,2.2902,3.8867,3.1343
196111,6.4373,5.7709,4.7062,4.8577,4.1623,4.2425
196112,-1.3803,0.2319,0.3555,-0.218,0.3326,1.7876
196201,-2.5207,-0.8629,2.2592,-5.0023,-1.9313,0.3601
196202,0.5921,0.7314,1.7967,1.8704,2.3611,2.4867
196203,0.2936,-1.1191,-0.5598,-0.3614,-0.2984,-2.1742
196204,-6.3485,-7.2753,-6.8347,-6.6388,-5.6258,-6.1186
196205,-12.3171,-10.305,-9.5501,-9.0689,-6.82,-6.2218
196206,-9.8924,-7.5294,-7.059,-9.0171,-6.9365,-6.6481
196207,9.2969,5.8483,6.5235,7.8541,5.4297,3.4812
196208,4.6324,3.4858,2.4701,2.7432,1.6052,2.494
196209,-8.2156,-7.0601,-6.2402,-5.0105,-4.7646,-4.314
196210,-5.0798,-3.2039,-2.1041,0.5869,0.734,0.3196
196211,14.8701,13.5852,14.4064,11.3618,9.9243,13.8057
196212,-3.5888,-1.4111,-2.198,1.5339,1.831,0.8372
196301,7.7548,8.1442,9.8473,4.949,4.2451,7.2031
196302,-2.6231,-1.4924,-0.0273,-2.797,-1.734,-0.9838
196303,0.2881,1.688,2.4157,3.4181,3.3259,5.0932
196304,3.6213,2.8403,4.8296,4.9945,4.5621,5.7941
196305,1.6457,3.2494,5.4338,2.2564,1.1912,3.682
196306,-1.3195,-1.9307,-1.7724,-2.3201,-1.5111,-0.332
196307,-0.996,-0.5305,-1.2133,-0.0358,0.4787,-1.6071
196308,4.5361,4.4787,5.8278,5.3885,4.6808,7.4534
196309,-3.0338,-0.5844,-2.0654,-1.0612,-1.6934,-1.8774
196310,1.2001,1.5407,2.7227,3.8456,1.2527,2.0482
196311,-2.9288,-1.3814,-0.2255,-0.2473,-1.4577,0.675
196312,0.26,0.2395,0.2249,2.0416,3.0881,1.9226
196401,0.8461,2.8463,3.8731,2.6847,2.7179,2.5931
196402,1.5955,2.2429,4.0663,1.4276,1.6489,4.4435
196403,0.5705,3.9977,5.2998,0.9259,3.0422,2.9257
196404,-1.7606,-0.4599,-1.507,0.4182,1.1633,-0.9867
196405,0.9717,1.1695,2.0454,1.5128,1.169,4.0706
196406,1.3983,1.5607,2.0269,1.6681,1.3083,2.304
196407,1.5138,3.0037,2.6263,1.9299,2.2303,2.3212
196408,-1.4974,-0.2216,-1.2129,-1.2341,-0.8491,-1.3608
196409,3.3709,2.949,3.5648,2.3822,3.5222,5.5787
196410,1.1,1.4516,2.341,0.2758,1.9005,1.3829
196411,-0.1715,-0.1802,0.0818,0.4912,0.856,-3.681
196412,0.3628,-0.9354,-1.5316,1.1149,-0.1831,-1.9539
196501,7.0003,5.697,6.6399,3.9591,2.7245,4.5649
196502,3.7212,3.4095,4.3507,0.601,0.0937,0.1864
196503,0.8913,0.7553,1.5186,-1.1241,-1.6558,0.314
196504,3.1183,4.3218,5.2843,3.8016,2.5189,2.9536
196505,-0.1126,-0.6543,-1.3166,-0.2667,0.0613,-2.2744
196506,-9.9226,-8.8489,-8.5618,-4.5515,-5.0034,-4.727
196507,2.5343,3.1782,4.0146,1.34,1.6397,4.1477
196508,6.6748,4.982,5.0285,2.9095,2.7816,2.5062
196509,3.8878,3.7607,3.853,3.786,2.2074,3.582
196510,5.94,5.4498,6.4096,2.8123,1.9153,5.4788
196511,4.0891,4.8552,4.5642,-0.006,-0.1518,-0.2821
196512,3.8683,3.434,4.6865,0.8405,0.9057,4.07
196601,4.2715,5.6298,6.8992,-0.1762,1.1949,4.2658
196602,3.6831,3.1051,3.2816,-1.6146,-0.8257,-0.6362
196603,-0.4142,-2.8906,-1.9646,-1.554,-2.6583,-4.0079
196604,5.6814,4.7198,5.6465,2.4635,1.7878,1.5523
196605,-9.941,-9.8818,-10.3347,-4.2114,-5.0973,-7.043
196606,0.8279,0.0978,-0.0262,-1.9941,-0.064,-0.1546
196607,-2.2126,-1.7571,-0.7253,-1.6567,-0.5805,-1.1721
196608,-11.1015,-9.89,-10.4613,-7.6272,-6.5726,-7.3849
196609,-1.9699,-0.998,-1.4373,-1.002,0.2183,-0.5054
196610,-3.5818,-0.2089,-0.1082,3.3099,7.1624,5.1947
196611,7.8872,4.7615,2.5953,3.6889,-0.9311,-0.5612
196612,3.6193,2.7455,0.776,-0.3686,1.4097,-0.1645
196701,17.8162,16.361,17.5779,7.9015,6.3284,12.6306
196702,4.6133,3.0368,3.1274,1.9855,-0.3131,-0.8887
196703,5.6329,6.473,5.5746,4.3208,3.6502,5.461
196704,5.4832,3.8909,3.444,6.0028,1.8254,3.1401
196705,-1.9259,-1.2341,-2.3001,-4.9431,-3.731,-2.1994
196706,9.6283,7.9707,8.2027,1.465,2.0147,4.5906
196707,6.9874,7.6697,10.1848,4.9128,3.4852,7.1589
196708,-0.5303,0.895,0.4899,-0.7396,-0.8687,1.2823
196709,6.809,5.35,4.5931,3.8175,2.685,1.1836
196710,-1.0288,-2.2326,-3.4434,-1.4997,-3.8137,-5.5307
196711,1.2622,1.381,-0.9142,1.0948,0.259,-0.1158
196712,11.1299,7.5506,8.047,2.1412,3.3003,3.9599
196801,-1.4618,0.7478,3.5094,-6.1553,-1.2683,-1.4482
196802,-7.5224,-5.1642,-4.8879,-3.3058,-2.1123,-3.2872
196803,-0.7583,-1.2447,-0.4847,1.825,-0.6423,0.3676
196804,17.2511,14.2517,13.1281,10.2248,5.4191,12.0022
196805,9.936,8.3112,8.7778,2.4397,0.1848,4.9254
196806,-0.458,1.4128,1.5605,0.0013,3.6198,-0.3486
196807,-5.6047,-2.5794,0.2387,-4.5169,0.2609,0.4257
196808,3.9146,3.4279,4.6678,1.1224,1.555,2.3686
196809,7.4185,6.915,6.5425,3.3287,4.313,4.7982
196810,-0.5614,2.1012,1.3332,-0.6203,1.7221,3.2012
196811,8.5717,8.3054,6.7563,5.5073,5.5461,5.4563
196812,0.3302,-0.5255,-1.0953,-4.8652,-3.1503,-3.464
196901,-1.8141,-1.0575,-0.7065,-1.8167,0.0786,0.4262
196902,-10.3301,-8.2317,-7.4858,-3.952,-5.2972,-4.991
196903,3.1033,2.1973,3.1831,3.8919,2.6025,2.7814
196904,0.835,1.9339,1.1374,3.2394,0.395,2.8839
196905,-0.2338,0.9396,0.0718,-0.1839,0.6886,0.9414
196906,-12.2122,-11.3601,-10.9413,-3.4067,-8.0267,-6.8567
196907,-11.1621,-9.3695,-7.4547,-4.7312,-7.5258,-6.0828
196908,7.3011,5.2357,3.8462,6.7222,4.3476,2.6459
196909,-0.5992,-2.1395,-2.775,-0.5678,-3.5807,-4.7781
196910,10.8634,8.0919,7.2631,6.3182,4.5692,3.7212
196911,-5.4328,-5.2864,-6.4182,-2.0775,-3.8192,-3.5055
196912,-5.1589,-5.766,-6.3771,0.1032,-1.8863,-4.3616
197001,-6.0242,-5.173,-2.249,-8.0947,-8.5649,-5.624
197002,2.6,3.309,6.2027,3.8076,7.9325,8.0565
197003,-5.068,-1.0996,0.0799,-1.7459,1.4765,1.0942
197004,-20.6013,-14.0228,-11.2613,-10.5104,-9.5017,-7.5195
197005,-11.0993,-10.6742,-8.0708,-7.8106,-4.1609,-4.2061
197006,-8.7024,-7.2371,-6.0383,-5.4616,-3.177,-6.9337
197007,7.6004,6.983,6.7196,5.2034,9.7129,7.8949
197008,6.124,6.9036,6.8968,4.1249,5.3121,5.8857
197009,17.0959,10.6736,9.3906,7.201,0.3237,3.8662
197010,-6.7082,-7.0173,-4.0794,-0.6637,-1.6213,-2.8685
197011,0.5113,2.1288,2.6342,5.093,5.649,6.3668
197012,7.7683,9.6611,9.306,5.3845,6.748,5.8366
197101,10.4614,12.6232,12.8227,4.6644,3.8389,5.2684
197102,4.5227,3.5028,2.3011,2.3764,0.3195,2.0632
197103,8.9358,5.2084,4.6492,5.8231,3.0881,2.0489
197104,3.0747,3.6357,3.4986,3.9165,2.5978,5.1225
197105,-4.0241,-5.565,-5.057,-2.7531,-4.2248,-4.5471
197106,0.2361,-1.378,-2.4004,1.1456,-0.1511,-0.1057
197107,-6.6487,-4.4178,-5.9364,-4.12,-3.5146,-4.8528
197108,4.3212,3.8297,6.6036,5.4943,1.2035,8.4974
197109,0.9006,-0.7354,-2.025,0.3621,-1.2186,-2.5404
197110,-5.9435,-4.4037,-6.5388,-3.903,-3.5016,-4.2661
197111,-2.9587,-2.2784,-4.0532,0.8546,-0.3557,-1.4546
197112,13.4551,11.1997,12.0611,8.9589,8.4368,9.5381
197201,8.4904,6.8194,10.5099,2.6593,0.3564,5.1735
197202,4.6709,3.113,2.7065,4.5391,1.0451,0.9656
197203,1.5779,-0.1336,-0.4621,2.1897,-1.3698,0.9762
197204,0.57,1.2482,0.4271,0.7895,0.1041,1.1241
197205,-1.7869,-1.3621,-2.7366,2.9429,0.8957,-1.549
197206,-3.4413,-2.7928,-3.1907,-1.069,-2.7726,-6.3011
197207,-5.0838,-3.2185,-2.0216,0.5997,-1.1781,-1.1332
197208,-0.7356,1.9415,2.5455,1.4867,7.0849,7.2568
197209,-3.417,-2.6941,-3.1707,-0.4838,-1.0641,0.2109
197210,-2.5817,-0.1599,-1.0162,0.5178,2.2687,1.6455
197211,3.4165,5.8305,6.3656,2.9687,6.5446,9.6877
197212,-1.1729,-1.0782,-2.3004,2.6574,-0.7657,-0.5868
197301,-7.8731,-5.1449,-3.6856,-2.6064,-2.1978,-1.4416
197302,-10.9388,-7.6725,-5.8766,-3.0484,-4.9269,-4.9156
197303,-3.9916,-2.698,-1.2382,-1.2331,0.5039,1.2628
197304,-11.1437,-5.4038,-4.9955,-6.0701,-2.5391,-1.3817
197305,-10.6263,-7.199,-7.3584,-0.8841,-2.0746,-3.3242
197306,-5.0615,-2.9215,-2.6949,-0.8934,-0.3405,-0.8809
197307,18.2594,10.2456,9.0944,6.4177,2.2193,5.0575
197308,-3.874,-5.2957,-4.0378,-3.2442,-2.931,-0.9693
197309,10.9389,9.7333,8.5459,2.2416,9.0724,9.1089
197310,-2.3334,0.1687,0.8485,-0.1379,-0.2175,-0.1285
197311,-22.5525,-17.8025,-16.228,-12.4911,-10.0773,-10.8456
197312,-2.2118,-2.2632,-1.4183,-1.182,5.4955,5.9063
197401,7.3871,10.2162,13.8461,-1.0374,-1.1632,4.4954
197402,0.0323,0.4363,1.8631,-1.0584,1.3454,2.1016
197403,-0.4002,-0.6212,0.4842,-1.7153,-3.4973,-2.8381
197404,-6.247,-5.9073,-3.6342,-3.3996,-5.9165,-4.2638
197405,-7.0689,-8.0269,-6.8701,-1.8374,-5.0881,-6.1736
197406,-3.1061,-2.607,-1.119,-2.0845,-1.7507,-2.4897
197407,-6.7594,-4.2392,-2.9998,-9.3548,-4.3976,-2.7774
197408,-9.6736,-7.9848,-7.3539,-10.0716,-5.6575,-7.1175
197409,-11.8607,-7.0485,-7.3086,-13.7981,-6.0664,-7.1654
197410,14.4293,7.5767,8.0211,21.2428,11.2691,7.8997
197411,-5.159,-4.3328,-5.5397,-3.9653,-3.4391,-3.9793
197412,-7.2456,-5.5512,-7.6673,-3.2769,-0.0737,-2.6375
197501,24.8275,26.7238,30.6945,10.6111,16.9219,21.2771
197502,6.6154,3.1834,3.782,8.1743,2.8029,2.1213
197503,7.7789,6.887,8.3309,2.941,1.5594,7.1633
197504,6.4573,3.2037,3.1213,5.7623,2.1498,6.8476
197505,10.3246,6.7993,6.8832,5.7078,5.8337,0.9427
197506,6.9902,7.4493,6.4145,4.2437,6.4069,7.6177
197507,-2.9921,-2.3805,-2.5547,-7.4851,-4.0001,-4.543
197508,-4.6391,-4.275,-6.6767,-2.1928,-1.6505,-2.0301
197509,-4.0116,-3.4447,-3.3604,-3.9917,-2.7268,-3.7902
197510,1.3529,3.4991,1.956,6.5434,5.8241,6.4848
197511,1.221,2.3689,3.8162,2.9993,3.5453,4.5056
197512,-1.4989,-0.3984,-0.8567,-1.7778,0.3741,0.9543
197601,14.9242,18.5331,24.6239,10.884,14.5348,18.3284
197602,6.658,7.253,12.3365,-1.3254,1.8124,4.635
197603,1.333,1.4502,1.8364,2.9741,2.9399,2.2491
197604,-1.0072,-0.9976,-1.2943,-1.621,0.2744,-1.6193
197605,-0.8109,-2.0377,-3.6037,-0.6358,-1.5789,-0.5348
197606,3.9466,3.7082,3.8285,4.3724,5.1407,5.878
197607,-1.1302,0.6951,0.7167,-1.2322,0.2503,0.3881
197608,-3.4817,-1.3181,-1.3246,-0.3685,1.1663,-0.9139
197609,3.5291,2.4603,2.2499,2.206,3.2014,2.8993
197610,-2.6845,-1.4952,-2.0667,-2.3694,-1.1884,-3.3552
197611,3.6479,3.1829,3.9432,-0.6832,2.4594,2.0466
197612,9.6062,9.4903,10.1071,4.7254,6.616,8.7706
197701,0.721,2.2506,3.0991,-6.3823,-1.6145,-0.2155
197702,-1.0278,-1.1013,0.0031,-1.8193,-1.5114,-1.918
197703,0.2647,0.6751,0.2314,-1.7071,-0.6237,0.4974
197704,1.1441,1.2642,2.4533,-1.1247,2.0353,4.3186
197705,-0.7264,0.0597,0.6382,-1.9168,-0.071,-1.5795
197706,7.4918,6.2148,6.8343,5.6656,3.7481,4.8443
197707,0.1123,0.0499,0.5731,-1.5588,-1.033,-3.155
197708,0.7607,-0.9081,-1.52,0.2495,-3.4331,-2.9398
197709,1.4959,1.5871,0.557,-0.7059,1.038,-0.6902
197710,-3.9562,-2.1312,-1.5739,-4.4278,-3.7881,-3.1847
197711,8.3539,7.5136,8.0572,4.0768,3.8351,4.8404
197712,3.1208,1.4542,1.5593,0.1735,0.8685,1.1438
197801,-4.6778,-2.8963,-1.1324,-6.4466,-5.6977,-3.2682
197802,1.6302,2.5792,2.4695,-2.6288,0.3508,-1.8122
197803,6.4492,6.6687,7.0977,2.2355,3.6135,3.9137
197804,9.9575,7.6048,7.1503,11.0834,5.557,6.7563
197805,7.0761,5.8212,5.8765,1.9154,1.1175,2.0615
197806,-0.9738,1.1073,0.3689,-1.3715,-1.5437,-1.5694
197807,7.0201,4.9712,5.7853,6.9001,4.2183,5.9214
197808,8.2351,8.2732,8.7076,3.6598,4.3235,2.0514
197809,-1.8909,-0.4004,-0.6268,-2.5211,0.9446,-0.0583
197810,-23.1131,-18.4445,-18.6611,-9.8891,-9.09,-11.5666
197811,8.8003,4.981,4.3691,2.8717,3.2474,3.0173
197812,3.0802,1.9232,1.9966,2.7878,0.7254,-0.3788
197901,8.5557,7.9354,9.6098,3.3901,5.1179,6.7362
197902,-3.4551,-2.2343,-1.9317,-3.6337,-2.4627,-2.8845
197903,11.7077,8.4175,8.5269,5.8023,5.6663,7.5245
197904,1.6374,2.9512,3.3396,0.1997,0.5327,0.6573
197905,-2.6131,-0.7384,-0.4841,-1.8331,-1.2633,-1.3239
197906,5.7368,5.9349,6.0916,3.2243,5.4251,5.6467
197907,1.9209,4.023,3.2321,0.5951,1.7378,2.9998
197908,9.0414,7.4283,7.3512,6.8305,5.4674,5.3664
197909,0.8031,-1.0982,-1.0896,-0.8271,0.9897,-0.7272
197910,-9.2505,-10.5463,-11.4304,-6.7367,-6.1019,-8.2708
197911,10.9906,6.9552,6.8293,6.463,5.6336,4.0643
197912,8.2142,5.1683,5.1428,3.0248,1.1064,1.8921
198001,7.9452,7.649,8.5102,4.9399,6.4312,7.8701
198002,-0.3848,-2.9529,-2.6733,-3.063,2.1593,0.445
198003,-19.3301,-16.04,-17.3869,-9.0773,-10.717,-13.036
198004,6.233,6.4092,6.0035,3.7499,5.5976,6.1397
198005,8.0731,7.9005,8.0928,5.7433,5.4544,6.4795
198006,5.2048,4.4135,4.3188,3.0507,3.4963,2.4152
198007,13.2883,9.522,7.0754,9.3723,5.3154,2.77
198008,8.5027,4.8835,3.6359,2.1108,1.3643,1.7611
198009,5.2373,2.9382,1.0864,4.0434,3.2641,-0.9699
198010,5.9114,2.3173,3.0667,1.8038,2.9265,-0.9246
198011,12.6739,4.3981,2.6728,11.5462,13.3847,4.8858
198012,-5.3599,-1.7816,-1.2148,-2.1695,-4.6795,-0.7354
198101,-3.769,0.7707,2.114,-5.906,-5.3719,1.6425
198102,-0.7145,2.3287,2.7761,2.7916,1.2764,1.3483
198103,7.6888,7.9732,7.6879,3.9242,3.6089,5.2103
198104,2.5198,3.578,3.8073,-2.2007,-2.1678,1.0691
198105,4.9505,2.9137,1.6988,0.8188,-0.491,3.2259
198106,-5.7292,0.7184,1.423,-3.164,2.1176,-0.055
198107,-2.9153,-2.4259,-1.5624,1.2905,-0.61,-1.037
198108,-9.8873,-6.0489,-4.6559,-6.8246,-5.4665,-2.4762
198109,-10.2091,-6.5901,-4.9377,-6.43,-6.0109,-1.3539
198110,10.6021,6.6901,5.8258,8.0684,3.9254,4.4261
198111,0.8364,4.9654,4.5753,4.2079,5.091,4.1649
198112,-2.403,-0.904,-1.4334,-3.1337,-2.7394,-2.4558
198201,-4.874,-3.2996,-0.852,-1.9213,-3.7209,0.4466
198202,-7.4251,-3.1209,-0.7432,-7.3158,-3.4111,-1.896
198203,-2.2839,-0.4415,1.5239,-1.9474,-0.5311,1.8964
198204,6.3559,5.7404,4.1298,5.7382,3.5294,2.5601
198205,-3.4471,-2.3195,-0.9382,-3.4853,-2.3037,-2.4807
198206,-3.6061,-1.6422,-1.3094,-2.5237,-1.125,-1.7167
198207,-2.2949,-0.6128,-1.0541,-0.6321,-4.1228,-1.6917
198208,8.2181,8.9004,8.0868,11.3549,12.8785,13.3486
198209,2.7919,4.7395,5.2826,1.9677,1.9506,0.0139
198210,15.9067,13.1664,11.6897,12.8223,11.207,9.6909
198211,9.7667,8.5377,9.2052,7.1074,2.4494,3.9592
198212,1.2085,1.1352,0.7607,1.1439,1.1039,1.607
198301,9.5264,5.5702,4.9441,2.7371,3.2803,5.8897
198302,4.3412,6.6159,7.1597,3.6502,2.4065,2.2234
198303,2.6019,6.4218,6.1274,2.5098,4.417,3.0031
198304,7.9339,7.8423,7.528,5.7019,9.0128,7.1267
198305,8.0452,5.4316,5.1015,-0.1802,0.0474,-0.0677
198306,5.7616,4.3136,2.4487,5.2798,3.6074,0.7795
198307,-5.8401,-0.0253,1.3215,-5.1992,-2.7054,-1.1172
198308,-4.7614,-2.8448,-0.3012,-1.3157,0.9129,5.3061
198309,0.2055,2.5218,3.9532,2.5203,1.5168,0.7962
198310,-8.9527,-4.3551,-2.2227,-3.587,-0.8531,-0.3816
198311,4.7559,4.2678,4.3169,2.9207,2.4648,1.8982
198312,-3.1809,-0.4298,0.2061,-0.7593,-1.0918,-0.7483
198401,-4.1466,-0.2356,2.0887,-5.3339,0.5845,3.5786
198402,-6.9905,-4.9988,-3.546,-4.7733,-4.1443,-1.5404
198403,0.1534,1.4374,2.2633,1.6286,1.5686,0.4532
198404,-1.0671,-0.028,-0.0242,0.3969,0.2126,1.7378
198405,-5.9245,-4.8489,-4.2844,-4.8266,-4.5585,-5.8813
198406,4.5375,2.1484,1.0125,4.4185,1.5682,2.6305
198407,-5.4565,-2.9547,-3.3452,-0.9788,-1.7362,-2.4247
198408,13.4829,10.2522,9.4694,11.1278,11.2758,11.5342
198409,-2.7258,1.3963,2.1988,-2.3665,-0.4688,3.1757
198410,-2.1886,-0.3585,-0.0316,0.7219,0.8805,-0.4878
198411,-4.4915,-0.348,0.4075,-2.2374,-1.2488,0.9485
198412,2.1468,1.6745,2.0874,2.6805,2.6749,2.2333
198501,14.9801,10.0273,8.8114,10.143,8.1161,5.6513
198502,2.9378,2.8684,1.7807,1.3003,1.6478,2.2503
198503,-3.2432,-1.175,1.4208,-1.3113,-0.6531,2.1668
198504,-2.0286,0.0729,1.7263,-1.7843,-0.8027,1.8992
198505,4.2871,4.0848,3.319,6.1365,7.0011,5.2282
198506,1.5322,2.5151,2.3619,1.4675,1.9056,1.4659
198507,2.713,2.4466,1.1939,0.2217,-0.9461,-1.462
198508,-2.0215,0.12,0.2228,-1.4907,-0.0969,0.8297
198509,-7.2192,-4.3661,-4.1289,-3.8632,-2.7279,-4.3669
198510,3.2872,3.7371,3.3851,4.0949,5.342,5.5001
198511,7.7856,7.033,6.3811,9.0429,6.6351,4.7599
198512,4.8833,4.2172,3.1702,5.7737,3.6032,4.4138
198601,2.3768,1.5184,2.528,0.8049,0.4672,1.5308
198602,7.2854,7.3527,6.8626,8.0072,8.2751,6.8955
198603,4.1459,5.232,5.2918,6.255,5.7855,4.3668
198604,2.2826,1.0481,0.4631,0.5808,-1.8171,-3.3166
198605,3.3482,5.3664,3.2877,5.4491,5.5183,5.0823
198606,-0.0369,0.887,1.8492,1.8578,1.1262,2.5744
198607,-10.5776,-8.7108,-5.7929,-7.2455,-5.1365,-2.632
198608,2.243,3.5642,4.4262,4.6183,8.6552,9.4572
198609,-8.1714,-4.7631,-4.6913,-10.181,-7.3139,-7.2174
198610,4.3978,2.8904,1.7426,5.686,5.3335,5.5064
198611,0.0342,-0.6002,0.5165,2.1265,2.0508,1.501
198612,-3.0719,-3.0289,-1.8485,-2.381,-3.0977,-2.8754
198701,12.6452,10.9877,9.2413,13.9515,13.3172,11.0334
198702,9.5106,6.8593,5.094,7.4353,3.5305,0.0263
198703,1.3769,2.8899,3.663,1.6836,2.276,2.6132
198704,-2.6291,-3.0404,-3.6852,-1.7917,-0.984,-1.5187
198705,-0.3112,-0.1412,0.8036,1.3297,-0.1646,0.6845
198706,1.5427,3.2447,3.608,4.6957,5.3585,4.7076
198707,2.1488,3.2742,5.3613,5.5219,3.4789,3.7775
198708,2.8694,3.7374,3.0105,4.7692,4.4276,2.7247
198709,-2.5447,-1.2787,-1.3287,-1.9644,-2.2872,-2.5737
198710,-32.4826,-27.8547,-27.7992,-23.2158,-20.2878,-19.4368
198711,-6.5833,-3.927,-3.5789,-8.7104,-7.8292,-5.7944
198712,9.2141,7.011,4.6357,9.1347,6.4273,4.9289
198801,2.2327,4.8457,6.2074,2.0283,5.587,7.9523
198802,8.4889,7.988,7.0932,5.4343,4.658,3.459
198803,3.6296,3.9912,3.2012,-3.128,-3.2518,-1.2251
198804,1.4285,1.9746,2.5019,-0.6415,2.0657,1.5523
198805,-3.0098,-1.7853,-0.2824,0.0176,0.6132,2.1241
198806,7.7913,6.8026,6.2757,4.9039,5.6904,3.975
198807,-2.2938,-0.3538,0.2591,-1.5458,-0.3123,0.2409
198808,-4.1042,-1.7503,-1.4296,-2.9114,-3.1135,-1.3904
198809,2.6177,3.0781,2.6185,5.1356,3.4364,3.6418
198810,-2.0106,-0.1212,0.5977,2.2575,1.9346,3.0263
198811,-3.8453,-2.6292,-2.5447,-1.6768,-1.8413,-0.37
198812,4.0977,4.0057,2.9222,2.7866,1.5933,0.7467
198901,4.1976,4.386,5.4197,7.042,6.5521,7.0682
198902,0.4911,0.8631,1.3466,-2.3362,-2.0714,-1.3377
198903,2.4635,2.9,3.4395,2.5074,1.6617,2.621
198904,4.6473,4.4681,3.7455,5.9807,4.8365,4.084
198905,4.6937,3.6744,3.8004,4.8216,3.5,3.9835
198906,-3.1624,-0.7634,-0.0802,-0.9504,-0.4147,0.4305
198907,4.2672,4.1038,3.3676,10.8754,7.1364,6.2049
198908,2.7883,2.7361,2.6094,1.0698,2.9533,2.4445
198909,1.431,-0.011,-0.7574,0.4919,-0.9273,0.1494
198910,-5.0461,-5.7781,-6.3635,-1.3426,-3.8634,-2.2476
198911,0.7437,0.7235,-0.1227,2.3285,1.7137,1.0186
198912,0.215,-0.4921,-0.2315,1.6916,2.4469,2.4613
199001,-9.2469,-7.7873,-7.8832,-7.6131,-6.2944,-7.2709
199002,3.1973,2.6637,2.2005,0.3535,2.1601,2.6296
199003,4.297,3.8206,2.2333,4.1381,1.4617,0.3616
199004,-2.7212,-3.1291,-4.3624,-0.9445,-3.4388,-4.4877
199005,8.4807,6.5515,4.2531,10.835,8.7269,7.3981
199006,1.0426,0.3432,0,1.2711,-2.4262,-1.5455
199007,-4.4892,-3.5742,-4.2566,-1.3627,-0.0265,-1.6679
199008,-14.7038,-12.3396,-11.3294,-9.7916,-7.9307,-9.9623
199009,-10.2181,-8.3281,-8.389,-5.752,-3.8177,-6.367
199010,-5.8178,-5.4784,-6.1381,0.4436,-2.0491,0.7665
199011,8.9228,6.5842,5.2113,7.3852,6.8477,5.1477
199012,4.2093,3.5781,2.8472,3.8042,2.4688,1.9115
199101,9.3511,8.2238,8.004,6.3014,3.2812,4.5144
199102,11.7918,10.3291,11.2969,7.8729,6.4842,7.1044
199103,7.7167,5.2312,6.6366,4.1435,1.1126,2.6313
199104,-0.6895,1.4299,1.6069,-0.2682,0.8211,0.3398
199105,4.3297,4.7602,2.7107,4.6669,3.0193,5.3121
199106,-5.1907,-3.1479,-4.19,-4.8608,-4.3898,-3.7232
199107,4.3177,3.4005,3.0346,5.4089,4.0551,4.0615
199108,4.4411,3.0135,4.347,3.3619,1.783,1.901
199109,1.3068,0.5896,-1.0642,-2.196,0.0668,-1.9731
199110,3.0285,2.6077,1.7781,1.5034,1.6451,1.8307
199111,-4.8857,-3.6647,-5.5897,-2.4953,-4.5998,-5.5511
199112,10.3956,6.7311,7.4219,14.4718,7.7159,9.0896
199201,7.4541,7.4676,10.6783,-2.2597,-1.4328,3.9161
199202,0.7379,2.754,7.1315,0.334,0.8074,6.8765
199203,-6.2269,-1.2349,-0.7799,-2.7594,-1.2619,-1.1011
199204,-5.4728,-2.4997,-0.9198,0.1276,4.9427,4.2205
199205,-0.7365,1.0297,2.3897,0.8797,0.4486,0.1317
199206,-6.1483,-3.2241,-2.781,-2.4875,-1.0855,0.6397
199207,2.6709,3.245,3.7108,4.3554,4.5838,2.2201
199208,-4.299,-1.4673,-2.755,-1.1168,-2.1676,-4.8301
199209,1.3782,2.4159,1.3751,1.6213,0.9192,1.1553
199210,4.4966,2.4181,1.9164,2.3864,-0.8455,1.0043
199211,9.734,6.4789,6.8809,4.579,2.5466,4.5884
199212,2.5464,3.63,5.0856,0.7047,2.0747,3.4716
199301,1.0733,4.0821,6.3601,-1.0973,1.5642,5.5072
199302,-6.5349,-0.036,0.9465,-2.312,4.075,3.0957
199303,2.0515,2.8459,3.4106,1.755,3.0634,2.7856
199304,-3.7317,-2.5293,-2.705,-5.0587,-0.7366,-1.1265
199305,6.7773,3.3589,3.139,4.0278,2.3514,0.6658
199306,0.5867,0.7038,1.4875,-1.0789,1.1569,3.4671
199307,-0.4052,1.5919,2.0259,-2.0233,1.3304,1.1929
199308,3.7756,4.789,3.4396,3.4781,3.9928,4.1038
199309,3.315,2.3128,2.3621,-0.9242,0.6414,-0.6706
199310,3.9698,1.6559,2.6811,3.3032,-0.122,-0.9675
199311,-3.1616,-2.8328,-2.1911,0.0827,-2.6692,-2.2034
199312,2.7277,3.9777,2.4662,1.4535,1.8726,2.2513
199401,1.8803,2.9395,5.3025,2.4507,4.5471,1.5937
199402,-0.9196,0.9098,-1.1337,-1.757,-3.1029,-4.6723
199403,-6.2311,-4.7454,-4.4503,-4.677,-3.9823,-3.3488
199404,-0.8882,0.7289,1.4238,0.6314,1.7627,1.636
199405,-2.7048,-1.0848,0.2342,1.4096,1.5338,-0.1316
199406,-4.7152,-2.3624,-1.8064,-3.1108,-1.8949,-2.6716
199407,1.7005,1.1853,2.1905,2.8749,3.9519,3.5197
199408,7.457,4.8738,3.8981,5.2124,2.9487,3.7638
199409,0.5148,-0.2651,-0.0002,-1.4213,-3.0729,-4.587
199410,0.4835,-0.088,-1.5703,2.0096,2.7873,0.8108
199411,-3.9609,-3.1018,-3.6742,-3.2104,-3.4932,-4.9623
199412,0.779,1.5033,1.5948,1.5035,1.2951,0.5075
199501,-1.0494,-0.3126,0.9487,2.196,2.4844,5.2264
199502,3.4447,3.4623,4.211,3.8953,3.9022,5.3147
199503,2.8813,1.7253,1.2855,2.9644,3.1392,0.4061
199504,1.1272,2.7871,3.3175,2.3412,2.8093,3.5439
199505,0.8112,1.6128,2.9785,3.2746,4.0465,5.6547
199506,7.7471,4.5173,4.321,3.4632,1.8492,1.8128
199507,8.0378,4.806,4.8239,3.771,3.8987,3.8046
199508,2.006,2.7528,3.9388,0.0433,0.8343,3.7291
199509,2.3734,2.123,1.6672,4.5244,3.1002,5.1246
199510,-5.5167,-5.3196,-3.8123,0.338,-1.2218,-2.3775
199511,3.6799,3.4213,3.704,4.2341,4.5317,5.3643
199512,2.276,2.1695,2.2458,0.8758,2.399,1.2613
199601,0.0338,0.3145,0.7156,3.1084,2.935,3.2246
199602,4.8706,2.3315,2.7854,1.6634,1.3674,1.6125
199603,2.4751,2.6174,2.6477,0.3252,2.0187,0.8681
199604,8.629,5.1252,4.6133,2.5117,1.7616,-1.5631
199605,6.1066,4.5947,5.3548,3.3751,0.7855,2.3406
199606,-6.4903,-2.8409,-2.3916,0.1489,-0.7061,0.8104
199607,-13.7406,-6.8179,-5.493,-5.6715,-3.7942,-3.6434
199608,7.0522,4.9879,4.5219,2.1348,3.8532,3.1862
199609,5.2765,2.4681,3.3052,6.6651,4.0706,3.2428
199610,-5.2593,-0.2818,1.0038,0.6793,3.7872,4.3033
199611,1.7345,4.4786,3.8878,7.1561,7.3159,7.7885
199612,0.5642,2.5998,2.2806,-1.7177,-1.5546,-0.8013
199701,4.1852,3.2088,2.8952,6.5059,4.7178,4.8762
199702,-6.4081,-0.7127,1.2651,0.0218,-0.0234,3.7357
199703,-8.453,-3.8675,-1.7751,-5.3554,-2.4699,-5.2261
199704,-3.2026,0.6189,-0.451,6.4777,3.9453,3.8745
199705,15.5279,10.2603,8.4354,6.9398,5.9079,5.8012
199706,3.3014,5.6218,6.9585,4.3455,3.9299,3.8752
199707,5.0108,5.214,5.6227,7.7414,8.585,7.7115
199708,3.9068,3.3966,3.0963,-5.5052,-3.7395,-2.2908
199709,8.7006,7.8769,8.3021,5.0331,6.0494,6.1955
199710,-6.4703,-3.5409,-2.0907,-3.2717,-3.365,-3.1508
199711,-3.4283,-1.036,0.4909,5.117,2.7105,3.5775
199712,-2.2708,0.7737,2.38,1.2192,2.7801,4.2898
199801,-0.7324,-1.2244,-0.9818,2.553,-1.9299,-0.3705
199802,8.5842,7.3417,7.1217,7.0224,8.2254,6.7832
199803,4.1754,4.9101,4.7436,4.9016,5.1173,7.1475
199804,0.6977,1.4324,2.0328,0.8614,1.8983,1.3347
199805,-7.3779,-5.1838,-2.4088,-2.1845,-2.3898,-0.3458
199806,0.59,-0.4395,-0.1858,5.5676,1.6572,2.4197
199807,-7.7893,-7.3427,-7.3838,-0.8322,-2.1873,-4.7627
199808,-24.4332,-18.2439,-18.7553,-13.643,-18.6162,-12.1245
199809,9.0513,5.1591,3.6923,7.8676,3.2594,6.4886
199810,4.4692,3.7756,3.2828,7.9725,8.3202,4.5867
199811,8.9819,5.8939,5.509,7.0531,5.6735,4.0667
199812,6.6729,3.5931,2.7628,8.2663,2.4955,3.812
199901,3.7772,2.0646,1.0826,5.0008,1.1489,-1.551
199902,-8.8225,-7.312,-8.4508,-4.4316,-0.9325,-1.0443
199903,-0.1627,0.8946,-2.7832,4.0306,4.135,1.1068
199904,9.0146,10.7491,9.1304,2.3356,7.6757,7.0474
199905,1.9669,0.9391,3.8097,-2.5005,-1.1581,0.2561
199906,6.688,5.7782,6.4212,6.6227,2.4855,0.3594
199907,-1.1841,-0.4229,-1.1909,-2.9919,-3.7912,-3.8208
199908,-2.8187,-3.016,-3.4148,0.0498,-3.4406,-3.0357
199909,0.6047,-0.0729,-2.8904,-1.7859,-5.6238,-5.2602
199910,0.9434,-0.3709,-2.6979,6.6547,7.4988,3.5624
199911,13.4442,6.3787,4.3302,4.1919,-2.6821,0.9766
199912,18.2524,8.9839,6.6437,8.3498,1.2469,3.3242
200001,1.258,-0.9643,0.4001,-4.8438,-4.0753,-7.7629
200002,28.4974,15.6291,13.1023,1.2434,-5.4803,-2.9891
200003,-13.6701,-4.8619,-1.1816,8.6653,10.8383,12.6437
200004,-14.6127,-5.7235,-4.3342,-4.2234,-0.5481,-0.0027
200005,-7.6203,-5.3942,-4.9354,-3.4744,0.3645,3.4989
200006,17.7386,9.22,8.5641,4.7785,-4.797,-2.8696
200007,-7.1219,1.234,1.9686,-3.029,3.8138,4.5455
200008,8.6876,5.2669,6.5938,7.5832,7.9172,6.93
200009,-7.2396,-0.5453,-0.3837,-5.9231,1.388,1.5671
200010,-8.295,-1.3971,-1.6241,-2.0388,-0.0525,2.5737
200011,-16.5681,-4.2703,-2.8498,-10.5306,-3.431,0.4395
200012,2.6989,8.8791,8.5567,-0.1461,8.8946,9.2058
200101,12.5597,5.1981,6.7362,3.4866,1.8554,-0.9
200102,-12.4363,-0.61,0.048,-11.1483,-0.9568,1.3265
200103,-7.6381,-0.8722,-1.5357,-7.9949,-1.6333,-1.2367
200104,10.202,5.0082,5.0415,8.9482,4.9085,4.7177
200105,3.8048,4.723,6.2496,0.4491,2.1046,4.7252
200106,6.2972,4.626,3.1628,-2.2046,-1.1819,-1.3252
200107,-9.3409,-4.5299,-1.0905,-1.7112,-1.1452,0.4601
200108,-7.4621,-2.6798,-1.4845,-6.9038,-3.8901,-8.2732
200109,-17.025,-13.4339,-14.1516,-8.1823,-9.5542,-8.1314
200110,11.1364,5.4265,4.4853,3.3548,0.5522,-5.3216
200111,9.0227,7.3094,9.0742,7.8904,6.6431,12.2742
200112,6.6879,6.8199,6.6876,0.6666,2.9787,2.3635
200201,-5.1955,0.3734,3.3022,-0.9162,-1.6317,-2.5436
200202,-8.1235,-1.2577,-1.0153,-2.3943,0.1912,-5.1829
200203,8.8718,7.6614,9.9095,3.5905,5.5414,4.684
200204,-3.9996,2.3893,4.2289,-7.1201,-0.537,-7.5924
200205,-6.7218,-3.6309,-2.6489,-1.3886,0.4239,-2.3928
200206,-7.1095,-3.2247,-2.394,-7.4411,-5.9175,-12.2215
200207,-14.9399,-14.5063,-15.3107,-6.4461,-8.7189,-13.8052
200208,-0.4763,0.3885,-0.4339,-0.0994,1.7065,6.4749
200209,-8.3125,-7.4783,-7.1019,-10.8034,-10.2432,-9.125
200210,6.6513,4.6102,0.5649,9.7556,4.3537,7.9434
200211,13.2609,8.2896,7.7334,5.3772,5.8686,8.359
200212,-8.641,-4.625,-3.5705,-6.1733,-3.9949,-6.9854
200301,-2.4753,-2.5878,-1.2317,-2.833,-1.8158,-5.5412
200302,-3.9075,-1.9167,-3.7217,-1.4223,-2.3924,-4.3584
200303,1.8314,0.5422,1.1188,1.5887,0.3378,-1.5572
200304,11.115,9.3861,9.6066,7.761,8.7429,11.6038
200305,13.1683,10.8316,10.879,5.0075,7.3688,8.3602
200306,2.4566,2.3786,3.6071,1.3375,1.2983,0.5724
200307,8.1483,5.7577,6.7414,1.7685,2.7613,0.7883
200308,4.9154,4.5445,6.09,2.1293,1.5237,4.0429
200309,-1.5903,-1.9416,0.8851,-1.1414,-0.489,-3.4236
200310,8.4299,7.9992,10.646,5.2006,7.1598,6.8337
200311,2.8488,3.6513,4.5945,0.813,1.6001,2.6839
200312,1.0103,2.5867,3.0508,4.6142,4.403,5.7656
200401,3.8771,3.4953,7.1721,1.4605,2.383,3.0946
200402,0.4495,1.0001,0.3196,1.0716,2.3189,2.9429
200403,1.354,0.4128,0.4022,-1.8624,-0.7624,-0.4467
200404,-3.4461,-3.3015,-6.078,-0.2229,-3.7662,-3.626
200405,1.0167,1.2464,0.6563,1.2432,1.2772,1.1471
200406,3.113,5.0447,4.409,1.5204,1.5244,2.6745
200407,-9.4525,-5.6317,-5.2013,-4.3756,-2.317,-2.1818
200408,-2.2498,-0.2845,-0.6391,-0.282,1.4836,0.1024
200409,5.5528,5.1824,3.6371,0.8519,1.7287,2.7342
200410,2.8377,1.6357,1.2476,1.5958,0.9939,2.6893
200411,8.424,8.7452,8.7784,3.7051,4.7825,6.2587
200412,4.3913,2.5744,3.7097,3.5207,3.4817,3.7746
200501,-5.4181,-3.2575,-2.663,-3.0957,-1.3806,-1.7037
200502,0.7569,2.0509,2.804,2.1229,2.0273,3.1604
200503,-4.1802,-2.4276,-1.4772,-1.2856,-2.7057,0.1157
200504,-6.3126,-6.0488,-5.7186,-1.7369,-2.3195,-2.2342
200505,7.4042,6.4217,5.7183,3.6683,3.079,4.1685
200506,2.8059,4.0799,4.7555,-0.7926,1.7881,2.8856
200507,6.9673,6.9198,6.0047,4.5868,2.6207,3.9961
200508,-2.2612,-1.1993,-1.2262,-1.2545,-0.8614,0.3806
200509,0.3795,0.8953,0.2259,0.4073,1.1554,1.9333
200510,-3.9757,-2.5873,-2.2748,-1.2264,-1.8031,-2.1076
200511,5.1432,4.6132,4.008,4.1681,3.7203,2.8948
200512,0.0866,-0.3809,-0.3044,-0.7495,1.2992,0.0853
200601,8.5909,9.295,8.2067,1.8247,3.6256,4.3913
200602,-0.5482,-0.0528,-0.6174,-0.1302,0.9277,-0.804
200603,4.0691,5.313,5.2865,1.6833,1.073,1.5704
200604,-0.5608,0.9947,0.8171,-0.0074,2.2634,3.2858
200605,-7.6619,-4.7479,-4.1083,-2.9221,-2.9726,-1.6874
200606,-0.7105,0.5269,-0.0626,-0.0929,0.1228,0.8541
200607,-5.9124,-2.8224,-2.1472,-0.7837,1.1683,0.6894
200608,3.4331,2.5405,2.5161,3.3152,1.9994,0.1544
200609,0.8899,0.8327,1.3212,2.5122,2.3526,2.1923
200610,6.1143,5.2026,4.5668,3.3855,2.9209,4.4047
200611,2.6253,2.7884,2.7386,1.8422,2.1996,1.9536
200612,-0.5475,0.6811,2.0241,0.3448,2.0044,3.1946
200701,2.5961,0.8465,1.9179,1.9136,1.8348,1.1902
200702,-0.1332,-0.0709,-1.0497,-1.9507,-1.5527,-1.2824
200703,1.7137,1.3194,0.3522,0.8447,1.78,0.3252
200704,2.7701,2.0618,0.9548,4.8477,3.6577,3.797
200705,4.461,3.6732,3.1142,3.222,4.0173,3.3301
200706,-0.5446,-1.1927,-1.6211,-1.1145,-2.3441,-2.1754
200707,-4.8279,-5.7249,-8.2805,-1.4019,-4.1861,-5.4064
200708,1.4984,2.4441,-0.725,1.5843,2.0022,0.0372
200709,2.581,1.0071,0.0511,4.9651,2.2877,3.0349
200710,3.7945,1.7089,0.0721,3.1497,1.42,0.6486
200711,-7.5376,-6.602,-7.9095,-3.1037,-5.5499,-4.6024
200712,0.1531,-0.5757,-0.8877,-0.4385,-0.896,-0.446
200801,-8.5342,-6.5376,-3.8022,-7.202,-4.8247,-3.9081
200802,-4.6372,-2.8318,-3.9287,-2.1103,-3.5739,-4.4959
200803,-2.1127,1.1729,0.3266,0.6613,-2.5101,-1.0694
200804,4.9316,3.3943,1.398,3.7404,6.0491,5.0919
200805,5.6253,5.3926,2.8897,2.3432,0.691,2.0093
200806,-7.2877,-7.3846,-8.8687,-7.0138,-9.4313,-10.8254
200807,2.3265,3.0126,5.0356,-1.0841,-2.9744,6.7524
200808,3.1088,3.9034,6.7863,1.4701,1.0553,0.7606
200809,-11.0716,-7.2892,-7.019,-9.7742,-9.8798,-2.0187
200810,-22.0886,-19.4002,-20.365,-15.4843,-17.1609,-21.643
200811,-11.7061,-11.227,-14.3749,-6.1998,-6.3667,-16.1386
200812,4.9197,4.3584,5.3412,1.7118,1.0273,1.4221
200901,-7.8943,-10.1978,-15.6845,-5.335,-9.2234,-19.7691
200902,-9.8165,-11.4496,-14.8785,-7.9397,-11.8998,-16.6958
200903,9.1782,10.484,10.772,8.302,8.7467,13.3973
200904,16.4881,16.6507,18.0271,7.94,10.4709,16.9157
200905,3.8784,3.062,2.6298,4.5243,6.0813,6.512
200906,5.4243,1.7704,0.7514,0.8698,-1.0033,0.1104
200907,6.9131,10.3276,13.3679,6.7667,8.2447,9.9829
200908,1.0155,3.0144,8.1868,1.7031,3.9402,9.8001
200909,6.3176,5.8375,7.5862,3.4611,4.7047,4.2793
200910,-6.9838,-6.3198,-9.3907,-0.4479,-2.7718,-6.4484
200911,2.0214,1.9394,4.1332,6.6351,4.7692,3.8618
200912,8.4759,8.074,8.3681,1.9448,3.1216,1.7169
201001,-3.7834,-3.0201,-2.6881,-4.2108,-2.0358,-4.4504
201002,3.3733,4.1291,7.4535,3.0585,2.9066,5.4191
201003,7.016,8.1488,8.9518,5.2323,6.7375,7.7161
201004,3.9334,6.237,9.2906,0.8422,2.7518,1.2645
201005,-5.9602,-7.1246,-10.3752,-7.3799,-8.4982,-7.8501
201006,-5.7705,-7.5702,-10.8827,-4.4217,-5.6541,-8.7076
201007,6.8222,6.6855,7.3041,6.7411,7.681,5.6624
201008,-7.1127,-7.6752,-8.5764,-4.0637,-3.9271,-6.5193
201009,14.0762,12.7911,10.9154,10.08,8.9424,6.8943
201010,4.601,4.2258,3.6942,4.5431,3.8612,0.4751
201011,3.629,4.1043,3.412,0.5022,0.3822,-1.0412
201012,7.179,8.3338,9.448,4.9437,7.7711,10.2445
201101,-0.3304,0.061,0.3816,2.0428,2.5171,2.8785
201102,5.0912,5.328,5.4789,2.5049,4.3888,4.5891
201103,3.4043,2.8345,1.4389,0.1929,1.3989,-1.5944
201104,3.4168,2.1125,1.0857,3.7435,2.7185,1.1154
201105,-1.6539,-2.126,-3.1719,-0.5587,-1.3847,-3.0482
201106,-1.8794,-2.1271,-1.8766,-1.4717,-1.746,-2.2329
201107,-4.5456,-4.0054,-3.058,-0.7405,-2.9436,-4.0566
201108,-9.3838,-8.8389,-9.8293,-3.9852,-6.5096,-8.3438
201109,-11.1091,-11.5085,-10.8635,-6.3619,-7.0009,-10.1173
201110,15.6739,15.5346,13.167,9.8277,12.0613,12.5763
201111,-1.8437,-0.2502,-0.1946,-0.0591,0.9006,-2.6343
201112,-0.5599,0.7938,1.1427,-0.1269,1.9074,1.3848
201201,8.2653,6.8025,5.9274,5.4952,3.3547,5.9612
201202,3.4318,2.3807,2.924,4.6269,3.6861,5.9894
201203,2.4247,2.8321,3.037,3.7055,1.239,5.3324
201204,-1.4485,-2.0547,-0.9032,-0.4684,-0.1479,-2.5549
201205,-6.5456,-6.3139,-6.2259,-5.4778,-5.9581,-7.9206
201206,5.7122,4.192,4.7212,2.9386,4.667,5.1039
201207,-3.248,-0.9182,-1.7278,1.2861,1.4543,-0.4669
201208,3.3265,3.1605,3.734,2.371,1.8575,4.5645
201209,3.3367,3.5249,4.1452,1.9059,3.2069,4.266
201210,-4.0502,-1.3611,-0.8906,-2.4804,-1.8025,1.4887
201211,1.0432,1.0422,0.832,1.1265,0.2981,-0.325
201212,2.6429,3.5247,4.4718,-0.1908,1.2364,5.0322
201301,6.8952,6.3319,5.7772,4.4785,6.0922,7.4908
201302,1.0006,0.8284,1.2431,1.3662,1.3738,1.3179
201303,5.2465,4.5655,4.519,3.7579,4.0515,4.0298
201304,-0.8066,-0.8563,-0.1257,1.8592,1.2658,2.1746
201305,5,5.3961,5.2232,1.952,1.4421,7.0616
201306,-0.2537,0.3429,-0.1102,-1.7688,-0.4034,-1.805
201307,7.4201,7.0947,7.8964,5.609,4.9284,6.2704
201308,-1.0755,-3.4897,-3.8674,-1.7701,-3.1157,-4.3393
201309,6.3853,6.3642,5.5856,4.0536,3.1967,2.3988
201310,1.0377,3.0353,3.9612,4.1709,4.7572,3.7752
201311,5.2722,3.8996,4.5033,3.3407,1.8158,4.6605
201312,1.859,2.8208,1.8807,2.1247,3.716,2.0913
201401,-0.1778,-4.0237,-3.6582,-3.3322,-3.3827,-3.9001
201402,4.0365,4.7841,5.2094,5.0028,4.7049,3.2109
201403,-3.422,1.119,1.3641,-0.5789,0.7661,4.469
201404,-6.3334,-3.1694,-2.7174,0.4062,0.8862,-0.9248
201405,-0.7099,0.8644,0.0754,2.4585,2.0155,1.4222
201406,7.1886,5.0835,4.4456,1.6414,2.7949,3.0066
201407,-6.2918,-6.3411,-5.4589,-1.4013,-1.6533,-2.2657
201408,5.0269,4.0593,4.5289,4.7968,3.2326,4.438
201409,-4.7059,-5.3049,-6.4371,-0.9178,-2.493,-1.9052
201410,7.607,5.8012,5.2143,2.8074,1.6055,1.499
201411,1.8469,-0.2269,-1.0656,3.7045,2.5557,0.3802
201412,2.0368,2.8868,3.2688,-1.3499,0.1039,2.0002
201501,-2.7875,-4.899,-5.1879,-1.5789,-3.2693,-6.3993
201502,7.6541,6.9486,5.006,6.4875,5.8861,5.4379
201503,2.1172,1.8077,1.1338,-1.3791,-1.5439,-1.2115
201504,-3.2281,-2.0403,-0.7248,0.353,1.2633,1.5106
201505,2.8186,2.7056,0.8787,1.2278,1.49,0.9607
201506,2.6742,0.3043,0.604,-1.8324,-1.9442,-1.2916
201507,-0.2948,-2.4363,-5.5615,2.9623,1.2724,0.0849
201508,-9.3136,-4.7254,-3.2857,-6.1733,-5.6161,-6.6027
201509,-7.7999,-4.7111,-4.6702,-2.2244,-2.8543,-4.2076
201510,5.0084,6.5295,5.7217,8.0368,8.403,6.4126
201511,5.6417,3.3505,3.7103,0.498,-0.256,1.6634
201512,-3.8894,-4.901,-6.7975,-1.3024,-2.2726,-3.573
201601,-14.0691,-7.6712,-6.9164,-5.1554,-5.145,-8.1899
201602,-0.5818,0.8729,0.5324,0.025,0.6116,-2.2324
201603,7.7034,7.8994,8.2643,6.5813,6.7848,8.2273
201604,2.6408,1.1145,3.6706,-0.6302,1.28,4.7555
201605,2.3098,1.2539,0.5148,2.1884,1.7838,0.6677
201606,0.2432,-0.4377,-0.0419,0.0169,0.5912,-2.6052
201607,7.0391,5.6194,5.7007,4.951,2.2513,3.6756
201608,1.3009,2.7058,3.2091,-0.5452,0.4148,3.872
201609,3.2742,1.3145,1.7205,0.4472,-0.0774,-0.4434
201610,-8.1473,-5.2276,-2.9551,-1.9605,-2.2543,1.0958
201611,9.14,12.5217,14.9309,1.943,5.0574,12.5447
201612,-0.4427,2.8487,4.5461,1.3517,1.8032,3.4777
201701,1.9775,-0.1736,-0.6535,3.221,1.0045,0.4015
201702,3.3431,1.1473,0.2899,4.2757,2.6499,4.01
201703,2.3122,0.0687,-0.7149,1.1103,-0.2473,-2.5949
201704,1.9398,1.45,0.592,2.0535,0.6726,-0.8993
201705,-0.8419,-1.608,-3.8283,2.8952,0.1161,-1.6366
201706,4.8044,3.1374,3.4207,-0.1294,0.5586,4.2136
201707,0.7577,0.5132,0.6249,2.4375,1.7121,2.1362
201708,-0.6132,-2.0194,-2.3045,1.2894,-0.1215,-1.1664
201709,5.4339,8.3543,8.2854,1.3736,2.6303,4.7055
201710,0.3608,0.3184,1.0526,3.1052,1.5513,2.8636
201711,2.7002,2.7185,2.7003,3.3162,3.2795,3.2102
201712,0.8682,-0.7753,-0.0175,1.0128,1.0778,1.9513
201801,3.1384,2.9881,1.6756,6.487,5.6109,5.2383
201802,-3.0809,-3.7935,-3.7114,-2.5852,-4.7471,-4.0224
201803,1.3872,0.985,1.9025,-2.3552,-2.2159,-3.3231
201804,1.2051,1.0858,2.2879,0.63,0.133,0.511
201805,8.0065,7.5054,5.8636,3.7946,1.9675,-0.3194
201806,2.8798,0.2352,0.5716,1.0526,0.5531,-1.2928
201807,1.3903,2.1966,1.0177,3.3445,3.3605,4.6215
201808,5.7191,3.3375,2.284,5.3229,1.8207,0.8049
201809,-1.7772,-2.7458,-2.8474,0.6155,0.6024,-1.7196
201810,-13.3376,-11.4015,-9.1908,-8.2352,-5.8399,-5.5272
201811,1.0608,2.1337,0.7922,1.4647,2.3382,2.2568
201812,-12.1036,-11.896,-12.7495,-8.4193,-9.516,-11.5733
201901,12.8762,10.413,11.0703,8.2064,8.3082,9.1351
201902,6.442,5.0384,3.6011,3.7318,4.0277,1.2062
201903,-0.676,-2.8697,-4.0835,2.7699,0.4652,-1.9158
201904,2.3121,4.0116,3.3342,4.0073,3.4865,7.3171
201905,-7.1265,-8.2147,-9.9485,-6.3698,-6.6395,-8.2858
201906,8.2547,7.6755,6.4668,7.0754,7.0194,7.4491
201907,-0.9791,0.6422,-0.6624,1.8149,0.676,2.6329
201908,-4.2479,-5.8462,-8.0903,-1.0203,-3.2321,-6.9555
201909,-2.52,4.0529,5.5864,0.3208,3.7481,5.9645
201910,4.5001,2.4451,0.6584,2.616,1.5867,2.6454
201911,6.2441,3.2834,3.5625,4.3916,3.2542,2.889
201912,2.7203,4.3502,4.7746,2.7575,2.676,4.3008
202001,-1.8822,-4.2195,-8.1621,1.6805,-2.1687,-4.388
202002,-6.2214,-8.683,-10.0013,-7.0473,-10.1416,-10.7705
202003,-18.7725,-21.5209,-28.2596,-9.0029,-17.5189,-27.3579
202004,18.5867,12.9461,15.8572,14.3754,10.8116,14.5107
202005,11.4296,4.804,4.298,6.0526,3.5272,3.3496
202006,5.371,2.4906,3.5509,3.5331,-1.2488,1.1137
202007,2.0125,2.8338,2.5852,7.2855,3.3364,3.6539
202008,7.126,4.4696,5.3783,9.4614,3.0303,5.3177
202009,-0.6572,-4.4367,-5.724,-4.1635,-2.5314,-4.2658
202010,0.7706,2.5749,6.1503,-2.8741,-0.8524,0.028
202011,22.9058,17.6065,19.4006,10.4648,14.3769,18.1771
202012,12.5611,8.0215,8.4232,4.4501,4.3009,5.7611
202101,5.4901,5.2189,10.1966,-0.5986,-0.5619,0.6944
202102,5.6812,9.4822,9.3303,0.3552,6.9165,11.1089
202103,-2.7868,2.9926,7.1414,2.3242,5.0554,7.2111
202104,2.6364,1.5089,1.3749,6.0823,3.3517,5.4489
202105,-1.6786,1.4607,5.919,-0.9981,2.047,5.4815
202106,5.6058,0.44,-1.2099,4.8188,-1.2594,-4.0036
202107,-5.5467,-1.9326,-3.6125,3.1049,-0.008,-2.3
202108,2.4673,1.4679,2.6959,3.5668,1.4136,3.0371
202109,-4.3917,-3.4414,0.5307,-5.453,-3.8567,-0.2526
202110,2.9731,3.7374,3.8161,8.0475,3.1493,6.2388
202111,-7.0508,-1.3656,-3.8136,-0.3478,-3.3592,-4.4293
202112,0.0942,4.1164,4.4744,2.6257,6.1715,4.6821
202201,-13.2557,-9.1118,-0.9423,-7.9522,-2.7983,5.2226
202202,-0.0206,1.1577,2.2518,-3.5676,0.0802,0.3395
202203,1.7963,0.96,0.5881,4.3351,1.8463,1.9436
